src,dst,sport,dport,proto,pred_label
192.168.0.163,140.82.121.5,60237,443,tcp,Normal
140.82.121.5,192.168.0.163,443,60237,tcp,Normal
192.168.0.163,103.235.46.102,60238,80,tcp,Normal
192.168.0.163,13.89.179.11,60239,443,tcp,Normal
13.89.179.11,192.168.0.163,443,60239,tcp,Normal
192.168.0.163,13.107.5.93,60240,443,tcp,Normal
13.107.5.93,192.168.0.163,443,60240,tcp,Normal
192.168.0.163,103.235.46.102,60241,80,tcp,Normal
192.168.0.163,13.107.5.93,60242,443,tcp,Normal
13.107.5.93,192.168.0.163,443,60242,tcp,Normal
192.168.0.163,13.107.5.93,60240,443,tcp,Normal
192.168.0.163,20.189.172.73,60245,443,tcp,Normal
13.107.5.93,192.168.0.163,443,60240,tcp,Normal
20.189.172.73,192.168.0.163,443,60245,tcp,Normal
192.168.0.163,13.107.5.93,60242,443,tcp,Normal
13.107.5.93,192.168.0.163,443,60242,tcp,Normal
192.168.0.163,104.18.32.47,60175,443,tcp,Normal
104.18.32.47,192.168.0.163,443,60175,tcp,Normal
192.168.0.163,103.235.46.102,60246,80,tcp,Normal
192.168.0.163,142.250.201.68,59514,443,udp,Normal
142.250.201.68,192.168.0.163,443,59514,udp,Normal
192.168.0.163,104.18.32.47,60175,443,tcp,Normal
104.18.32.47,192.168.0.163,443,60175,tcp,Normal
192.168.0.163,104.18.32.47,60175,443,tcp,Normal
104.18.32.47,192.168.0.163,443,60175,tcp,Normal
192.168.0.163,192.168.0.1,60248,53,tcp,Normal
192.168.0.163,192.168.0.1,60249,53,tcp,Normal
192.168.0.1,192.168.0.163,53,60248,tcp,Normal
192.168.0.1,192.168.0.163,53,60249,tcp,Normal
192.168.0.163,142.250.184.14,55937,443,udp,Normal
142.250.184.14,192.168.0.163,443,55937,udp,Normal
192.168.0.163,103.235.46.102,60247,80,tcp,Normal
192.168.0.1,192.168.0.163,53,60250,tcp,Normal
192.168.0.1,192.168.0.163,53,60251,tcp,Normal
192.168.0.163,192.168.0.1,60250,53,tcp,Normal
192.168.0.163,192.168.0.1,60251,53,tcp,Normal
172.64.155.209,192.168.0.163,443,60180,tcp,Normal
192.168.0.163,172.64.155.209,60180,443,tcp,Normal
192.168.0.163,103.235.46.102,60252,80,tcp,Normal
13.107.246.77,192.168.0.163,443,60206,tcp,Normal
192.168.0.163,104.18.32.47,60175,443,tcp,Normal
104.18.32.47,192.168.0.163,443,60175,tcp,Normal
172.64.155.209,192.168.0.163,443,60180,tcp,Normal
192.168.0.163,104.18.32.47,60175,443,tcp,Normal
104.18.32.47,192.168.0.163,443,60175,tcp,Normal
13.107.246.77,192.168.0.163,443,60213,tcp,Normal
192.168.0.163,13.107.246.77,60213,443,tcp,Normal
192.168.0.163,2.17.35.147,60253,443,tcp,Normal
192.168.0.163,2.17.35.147,59856,443,tcp,Normal
2.17.35.147,192.168.0.163,443,60253,tcp,Normal
192.168.0.163,20.54.232.160,60254,443,tcp,Normal
20.54.232.160,192.168.0.163,443,60254,tcp,Normal
40.126.53.16,192.168.0.163,443,60256,tcp,Normal
40.126.53.16,192.168.0.163,443,60255,tcp,Normal
13.107.246.77,192.168.0.163,443,60215,tcp,Normal
192.168.0.163,40.126.53.16,60255,443,tcp,Normal
192.168.0.163,40.126.53.16,60256,443,tcp,Normal
192.168.0.163,103.235.46.102,60257,80,tcp,Normal
192.168.0.163,52.98.248.194,60258,443,tcp,Normal
52.98.248.194,192.168.0.163,443,60258,tcp,Normal
192.168.0.163,2.17.35.147,60253,443,tcp,Normal
2.17.35.147,192.168.0.163,443,60253,tcp,Normal
192.168.0.163,192.168.0.1,60259,53,tcp,Normal
192.168.0.163,192.168.0.1,60260,53,tcp,Normal
192.168.0.1,192.168.0.163,53,60259,tcp,Normal
192.168.0.1,192.168.0.163,53,60260,tcp,Normal
192.168.0.163,142.250.201.67,57569,443,udp,Normal
142.250.201.67,192.168.0.163,443,57569,udp,Normal
192.168.0.163,185.125.190.29,60261,443,tcp,Normal
185.125.190.29,192.168.0.163,443,60261,tcp,Normal
192.168.0.163,192.168.0.1,60262,53,tcp,Normal
192.168.0.163,192.168.0.1,60263,53,tcp,Normal
192.168.0.1,192.168.0.163,53,60262,tcp,Normal
192.168.0.1,192.168.0.163,53,60263,tcp,Normal
192.168.0.163,3.233.158.25,60264,443,tcp,Normal
3.233.158.25,192.168.0.163,443,60264,tcp,Normal
192.168.0.163,2.17.35.147,60253,443,tcp,Normal
2.17.35.147,192.168.0.163,443,60253,tcp,Normal
20.111.1.3,192.168.0.163,443,60187,tcp,Normal
192.168.0.163,20.111.1.3,60187,443,tcp,Normal
192.168.0.163,51.132.193.105,59919,443,tcp,Normal
51.132.193.105,192.168.0.163,443,59919,tcp,Normal
192.168.0.163,104.18.32.47,60175,443,tcp,Normal
104.18.32.47,192.168.0.163,443,60175,tcp,Normal
90.84.175.86,192.168.0.163,443,60135,tcp,Normal
192.168.0.163,20.111.1.3,60187,443,tcp,Normal
185.199.108.133,192.168.0.163,443,59991,tcp,Normal
192.168.0.163,103.235.46.115,60266,80,tcp,Normal
192.168.0.163,95.101.110.200,58612,80,tcp,Normal
192.168.0.163,95.101.110.200,60267,80,tcp,Normal
142.250.201.67,192.168.0.163,443,57569,udp,Normal
192.168.0.163,142.250.201.68,53456,443,udp,Normal
142.250.201.68,192.168.0.163,443,53456,udp,Normal
192.168.0.163,103.235.46.115,60268,80,tcp,Normal
192.168.0.163,192.168.0.1,60269,53,tcp,Normal
192.168.0.163,192.168.0.1,60270,53,tcp,Normal
192.168.0.1,192.168.0.163,53,60269,tcp,Normal
192.168.0.1,192.168.0.163,53,60270,tcp,Normal
192.168.0.163,84.53.132.33,60271,443,tcp,Normal
84.53.132.33,192.168.0.163,443,60271,tcp,Normal
192.168.0.163,185.125.188.54,58624,443,tcp,Normal
185.125.188.54,192.168.0.163,443,58624,tcp,Normal
192.168.0.163,185.125.188.54,58632,443,tcp,Normal
185.125.188.54,192.168.0.163,443,58632,tcp,Normal
20.199.39.224,192.168.0.163,443,60227,tcp,Normal
185.125.188.54,192.168.0.163,443,58624,tcp,Normal
192.168.0.163,20.199.39.224,60227,443,tcp,Normal
192.168.0.163,103.235.46.115,60272,80,tcp,Normal
192.168.0.163,20.111.1.3,60273,443,tcp,Normal
20.111.1.3,192.168.0.163,443,60273,tcp,Normal
192.168.0.163,20.42.65.91,60274,443,tcp,Normal
20.42.65.91,192.168.0.163,443,60274,tcp,Normal
192.168.0.163,20.111.1.3,60273,443,tcp,Normal
192.168.0.163,104.18.32.47,60275,443,tcp,Normal
104.18.32.47,192.168.0.163,443,60275,tcp,Normal
192.168.0.163,103.235.46.115,60276,80,tcp,Normal
192.168.0.163,104.18.32.47,60275,443,tcp,Normal
104.18.32.47,192.168.0.163,443,60275,tcp,Normal
192.168.0.163,140.82.113.22,60231,443,tcp,Normal
140.82.113.22,192.168.0.163,443,60231,tcp,Normal
192.168.0.163,142.250.201.67,58744,443,udp,Normal
142.250.201.67,192.168.0.163,443,58744,udp,Normal
192.168.0.163,146.75.54.172,60277,80,tcp,Normal
146.75.54.172,192.168.0.163,80,60277,tcp,Normal
192.168.0.163,2.16.38.4,60278,80,tcp,Normal
2.16.38.4,192.168.0.163,80,60278,tcp,Normal
192.168.0.163,104.18.32.47,60279,443,tcp,Normal
104.18.32.47,192.168.0.163,443,60279,tcp,Normal
192.168.0.163,103.235.46.115,60280,80,tcp,Normal
192.168.0.163,172.64.155.209,60281,443,tcp,Normal
172.64.155.209,192.168.0.163,443,60281,tcp,Normal
192.168.0.163,20.111.1.3,60282,443,tcp,Normal
20.111.1.3,192.168.0.163,443,60282,tcp,Normal
192.168.0.163,140.82.121.5,60283,443,tcp,Normal
140.82.121.5,192.168.0.163,443,60283,tcp,Normal
192.168.0.163,192.168.0.1,60285,53,tcp,Normal
192.168.0.163,192.168.0.1,60286,53,tcp,Normal
192.168.0.1,192.168.0.163,53,60285,tcp,Normal
192.168.0.1,192.168.0.163,53,60286,tcp,Normal
192.168.0.163,20.111.1.3,60282,443,tcp,Normal
192.168.0.163,20.42.65.91,60284,443,tcp,Normal
20.42.65.91,192.168.0.163,443,60284,tcp,Normal
192.168.0.163,20.189.173.13,60287,443,tcp,Normal
20.189.173.13,192.168.0.163,443,60287,tcp,Normal
192.168.0.163,172.64.155.209,60288,443,tcp,Normal
172.64.155.209,192.168.0.163,443,60288,tcp,Normal
192.168.0.163,103.235.46.115,60289,80,tcp,Normal
192.168.0.163,104.18.32.47,60279,443,tcp,Normal
104.18.32.47,192.168.0.163,443,60279,tcp,Normal
192.168.0.163,172.64.155.209,60288,443,tcp,Normal
172.64.155.209,192.168.0.163,443,60288,tcp,Normal
192.168.0.163,192.168.0.1,60290,53,tcp,Normal
192.168.0.163,192.168.0.1,60291,53,tcp,Normal
192.168.0.1,192.168.0.163,53,60290,tcp,Normal
192.168.0.1,192.168.0.163,53,60291,tcp,Normal
192.168.0.163,104.18.32.47,60315,443,tcp,Normal
104.18.32.47,192.168.0.163,443,60315,tcp,Normal
192.168.0.163,104.18.32.47,60315,443,tcp,Normal
104.18.32.47,192.168.0.163,443,60315,tcp,Normal
192.168.0.163,172.64.155.209,60316,443,tcp,Normal
172.64.155.209,192.168.0.163,443,60316,tcp,Normal
192.168.0.163,103.235.46.102,60317,80,tcp,Normal
192.168.0.163,172.64.155.209,60316,443,tcp,Normal
192.168.0.163,104.18.32.47,60318,443,tcp,Normal
104.18.32.47,192.168.0.163,443,60318,tcp,Normal
192.168.0.163,192.168.0.1,60319,53,tcp,Normal
192.168.0.163,192.168.0.1,60320,53,tcp,Normal
192.168.0.1,192.168.0.163,53,60319,tcp,Normal
192.168.0.1,192.168.0.163,53,60320,tcp,Normal
192.168.0.163,192.168.0.1,60321,53,tcp,Normal
192.168.0.163,192.168.0.1,60322,53,tcp,Normal
192.168.0.1,192.168.0.163,53,60321,tcp,Normal
192.168.0.1,192.168.0.163,53,60322,tcp,Normal
192.168.0.163,142.250.201.67,55154,443,udp,Normal
142.250.201.67,192.168.0.163,443,55154,udp,Normal
192.168.0.163,172.217.168.163,57569,443,udp,Normal
172.217.168.163,192.168.0.163,443,57569,udp,Normal
192.168.0.163,103.235.46.102,60323,80,tcp,Normal
192.168.0.163,104.18.32.47,60318,443,tcp,Normal
104.18.32.47,192.168.0.163,443,60318,tcp,Normal
192.168.0.163,140.82.121.5,60324,443,tcp,Normal
140.82.121.5,192.168.0.163,443,60324,tcp,Normal
192.168.0.163,104.208.16.91,60325,443,tcp,Normal
104.208.16.91,192.168.0.163,443,60325,tcp,Normal
192.168.0.163,104.208.16.91,60325,443,tcp,Normal
104.208.16.91,192.168.0.163,443,60325,tcp,Normal
192.168.0.163,104.18.32.47,60326,443,tcp,Normal
104.18.32.47,192.168.0.163,443,60326,tcp,Normal
192.168.0.163,103.235.46.115,60327,80,tcp,Normal
192.168.0.163,192.168.0.1,60328,53,tcp,Normal
192.168.0.163,192.168.0.1,60329,53,tcp,Normal
192.168.0.1,192.168.0.163,53,60328,tcp,Normal
192.168.0.1,192.168.0.163,53,60329,tcp,Normal
192.168.0.163,3.233.158.24,60330,443,tcp,Normal
3.233.158.24,192.168.0.163,443,60330,tcp,Normal
192.168.0.163,192.168.0.1,60331,53,tcp,Normal
192.168.0.163,192.168.0.1,60332,53,tcp,Normal
192.168.0.1,192.168.0.163,53,60331,tcp,Normal
192.168.0.1,192.168.0.163,53,60332,tcp,Normal
192.168.0.163,172.64.155.209,60333,443,tcp,Normal
172.64.155.209,192.168.0.163,443,60333,tcp,Normal
104.18.32.47,192.168.0.163,443,60326,tcp,Normal
192.168.0.163,104.18.32.47,60326,443,tcp,Normal
13.107.246.77,192.168.0.163,443,60335,tcp,Normal
192.168.0.163,13.107.246.77,60335,443,tcp,Normal
192.168.0.163,103.235.46.115,60334,80,tcp,Normal
104.18.32.47,192.168.0.163,443,60326,tcp,Normal
192.168.0.163,104.18.32.47,60326,443,tcp,Normal
192.168.0.163,142.250.201.67,55154,443,udp,Normal
142.250.201.67,192.168.0.163,443,55154,udp,Normal
192.168.0.163,104.18.32.47,60336,443,tcp,Normal
104.18.32.47,192.168.0.163,443,60336,tcp,Normal
172.64.155.209,192.168.0.163,443,60337,tcp,Normal
192.168.0.1,192.168.0.163,53,60341,tcp,Normal
192.168.0.163,192.168.0.1,60341,53,tcp,Normal
192.168.0.1,192.168.0.163,53,60342,tcp,Normal
192.168.0.163,192.168.0.1,60342,53,tcp,Normal
192.168.0.1,192.168.0.163,53,60339,tcp,Normal
192.168.0.1,192.168.0.163,53,60340,tcp,Normal
192.168.0.163,142.250.201.68,62942,443,udp,Normal
142.250.201.68,192.168.0.163,443,62942,udp,Normal
192.168.0.163,142.250.201.68,52314,443,udp,Normal
142.250.201.68,192.168.0.163,443,52314,udp,Normal
192.168.0.163,172.64.155.209,60337,443,tcp,Normal
192.168.0.163,20.54.232.160,60338,443,tcp,Normal
20.54.232.160,192.168.0.163,443,60338,tcp,Normal
192.168.0.163,103.235.46.115,60343,80,tcp,Normal
192.168.0.163,104.18.32.47,60336,443,tcp,Normal
3.233.158.24,192.168.0.163,443,60344,tcp,Normal
192.168.0.163,3.233.158.24,60344,443,tcp,Normal
192.168.0.163,104.18.32.47,60346,443,tcp,Normal
104.18.32.47,192.168.0.163,443,60346,tcp,Normal
20.111.1.3,192.168.0.163,443,60345,tcp,Normal
192.168.0.163,20.111.1.3,60345,443,tcp,Normal
192.168.0.163,3.233.158.24,60344,443,tcp,Normal
3.233.158.24,192.168.0.163,443,60344,tcp,Normal
192.168.0.163,103.235.46.115,60347,80,tcp,Normal
172.64.148.235,192.168.0.163,443,59664,tcp,Normal
192.168.0.163,172.64.148.235,59664,443,tcp,Normal
192.168.0.163,104.208.16.91,60348,443,tcp,Normal
104.208.16.91,192.168.0.163,443,60348,tcp,Normal
192.168.0.163,104.18.32.47,60349,443,tcp,Normal
104.18.32.47,192.168.0.163,443,60349,tcp,Normal
192.168.0.163,192.168.0.1,60350,53,tcp,Normal
192.168.0.163,192.168.0.1,60351,53,tcp,Normal
192.168.0.1,192.168.0.163,53,60350,tcp,Normal
192.168.0.1,192.168.0.163,53,60351,tcp,Normal
172.64.148.235,192.168.0.163,443,60352,tcp,Normal
192.168.0.163,172.64.148.235,60352,443,tcp,Normal
192.168.0.163,104.18.32.47,60349,443,tcp,Normal
104.18.32.47,192.168.0.163,443,60349,tcp,Normal
192.168.0.163,103.235.46.115,60353,80,tcp,Normal
192.168.0.163,104.18.32.47,60349,443,tcp,Normal
104.18.32.47,192.168.0.163,443,60349,tcp,Normal
192.168.0.163,142.250.201.67,55374,443,udp,Normal
142.250.201.67,192.168.0.163,443,55374,udp,Normal
192.168.0.163,3.233.158.24,60344,443,tcp,Normal
192.168.0.163,192.168.0.1,60354,53,tcp,Normal
192.168.0.163,192.168.0.1,60355,53,tcp,Normal
192.168.0.1,192.168.0.163,53,60354,tcp,Normal
192.168.0.1,192.168.0.163,53,60355,tcp,Normal
192.168.0.163,142.250.200.67,50376,443,udp,Normal
142.250.200.67,192.168.0.163,443,50376,udp,Normal
192.168.0.163,104.18.32.47,60349,443,tcp,Normal
104.18.32.47,192.168.0.163,443,60349,tcp,Normal
192.168.0.163,103.235.46.115,60356,80,tcp,Normal
104.18.32.47,192.168.0.163,443,60349,tcp,Normal
192.168.0.163,172.64.155.209,60357,443,tcp,Normal
172.64.155.209,192.168.0.163,443,60357,tcp,Normal
192.168.0.163,20.111.1.3,60345,443,tcp,Normal
104.18.32.47,192.168.0.163,443,60349,tcp,Normal
192.168.0.163,103.235.46.102,60358,80,tcp,Normal
192.168.0.163,104.18.32.47,60349,443,tcp,Normal
104.18.32.47,192.168.0.163,443,60349,tcp,Normal
192.168.0.163,172.64.155.209,60359,443,tcp,Normal
172.64.155.209,192.168.0.163,443,60359,tcp,Normal
192.168.0.163,104.18.32.47,60349,443,tcp,Normal
104.18.32.47,192.168.0.163,443,60349,tcp,Normal
192.168.0.163,103.235.46.102,60360,80,tcp,Normal
142.250.201.68,192.168.0.163,443,49336,udp,Normal
192.168.0.163,142.250.201.68,57852,443,udp,Normal
142.250.201.68,192.168.0.163,443,57852,udp,Normal
142.250.201.68,192.168.0.163,443,49336,udp,Normal
192.168.0.163,142.250.201.68,55566,443,udp,Normal
192.168.0.163,142.250.201.68,49336,443,udp,Normal
192.168.0.163,103.235.46.102,60361,80,tcp,Normal
192.168.0.163,104.18.32.47,60362,443,tcp,Normal
104.18.32.47,192.168.0.163,443,60362,tcp,Normal
192.168.0.163,192.168.0.1,60364,53,tcp,Normal
192.168.0.163,192.168.0.1,60365,53,tcp,Normal
192.168.0.1,192.168.0.163,53,60364,tcp,Normal
192.168.0.1,192.168.0.163,53,60365,tcp,Normal
192.168.0.163,20.111.1.3,60363,443,tcp,Normal
20.111.1.3,192.168.0.163,443,60363,tcp,Normal
192.168.0.163,3.233.158.25,60366,443,tcp,Normal
3.233.158.25,192.168.0.163,443,60366,tcp,Normal
20.111.1.3,192.168.0.163,443,60363,tcp,Normal
192.168.0.163,20.111.1.3,60363,443,tcp,Normal
192.168.0.163,103.235.46.102,60367,80,tcp,Normal
20.111.1.3,192.168.0.163,443,60363,tcp,Normal
192.168.0.163,20.111.1.3,60363,443,tcp,Normal
192.168.0.163,103.235.46.102,60368,80,tcp,Normal
192.168.0.163,192.168.0.1,60369,53,tcp,Normal
192.168.0.163,192.168.0.1,60370,53,tcp,Normal
192.168.0.1,192.168.0.163,53,60369,tcp,Normal
192.168.0.1,192.168.0.163,53,60370,tcp,Normal
192.168.0.163,142.250.201.67,63298,443,udp,Normal
142.250.201.67,192.168.0.163,443,63298,udp,Normal
3.233.158.25,192.168.0.163,443,60366,tcp,Normal
192.168.0.163,3.233.158.25,60366,443,tcp,Normal
192.168.0.163,104.18.32.47,60371,443,tcp,Normal
104.18.32.47,192.168.0.163,443,60371,tcp,Normal
192.168.0.163,140.82.121.5,60373,443,tcp,Normal
140.82.121.5,192.168.0.163,443,60373,tcp,Normal
192.168.0.163,104.18.32.47,60371,443,tcp,Normal
104.18.32.47,192.168.0.163,443,60371,tcp,Normal
192.168.0.163,103.235.46.102,60372,80,tcp,Normal
192.168.0.163,52.168.112.66,60374,443,tcp,Normal
52.168.112.66,192.168.0.163,443,60374,tcp,Normal
192.168.0.163,52.168.112.66,60374,443,tcp,Normal
192.168.0.163,172.64.148.235,60352,443,tcp,Normal
192.168.0.163,104.18.32.47,60376,443,tcp,Normal
104.18.32.47,192.168.0.163,443,60376,tcp,Normal
192.168.0.163,52.168.112.66,60375,443,tcp,Normal
52.168.112.66,192.168.0.163,443,60375,tcp,Normal
192.168.0.163,104.18.32.47,60376,443,tcp,Normal
104.18.32.47,192.168.0.163,443,60376,tcp,Normal
192.168.0.163,103.235.46.115,60377,80,tcp,Normal
192.168.0.163,172.64.155.209,60378,443,tcp,Normal
172.64.155.209,192.168.0.163,443,60378,tcp,Normal
192.168.0.163,172.64.155.209,60378,443,tcp,Normal
104.18.32.47,192.168.0.163,443,60376,tcp,Normal
192.168.0.163,104.18.32.47,60376,443,tcp,Normal
192.168.0.163,172.64.155.209,60379,443,tcp,Normal
142.250.201.67,192.168.0.163,443,63298,udp,Normal
172.64.155.209,192.168.0.163,443,60379,tcp,Normal
192.168.0.163,142.250.201.67,63298,443,udp,Normal
192.168.0.163,172.64.155.209,60379,443,tcp,Normal
192.168.0.163,35.186.224.24,60381,443,tcp,Normal
35.186.224.24,192.168.0.163,443,60381,tcp,Normal
192.168.0.163,35.186.224.24,60384,443,tcp,Normal
192.168.0.163,192.168.0.1,60385,53,tcp,Normal
192.168.0.163,192.168.0.1,60386,53,tcp,Normal
192.168.0.1,192.168.0.163,53,60385,tcp,Normal
192.168.0.1,192.168.0.163,53,60386,tcp,Normal
192.168.0.163,35.186.224.24,60380,443,tcp,Normal
192.168.0.163,35.186.224.24,60382,443,tcp,Normal
35.186.224.24,192.168.0.163,443,60382,tcp,Normal
35.186.224.24,192.168.0.163,443,60380,tcp,Normal
192.168.0.163,157.240.202.60,59890,443,tcp,Normal
192.168.0.163,31.13.83.51,59889,443,tcp,Normal
192.168.0.163,105.73.177.228,59885,443,tcp,Normal
192.168.0.163,105.73.177.164,59886,443,tcp,Normal
192.168.0.163,105.73.188.35,59884,443,tcp,Normal
192.168.0.163,34.242.3.84,60387,443,tcp,Normal
34.242.3.84,192.168.0.163,443,60387,tcp,Normal
192.168.0.163,31.13.83.51,59891,443,tcp,Normal
192.168.0.163,105.73.177.100,59888,443,tcp,Normal
192.168.0.163,105.73.189.35,59887,443,tcp,Normal
104.18.32.47,192.168.0.163,443,60376,tcp,Normal
192.168.0.163,104.18.32.47,60376,443,tcp,Normal
192.168.0.163,35.186.224.24,60383,443,tcp,Normal
35.186.224.24,192.168.0.163,443,60383,tcp,Normal
192.168.0.163,103.235.46.115,60388,80,tcp,Normal
192.168.0.163,142.250.201.68,52456,443,udp,Normal
142.250.201.68,192.168.0.163,443,52456,udp,Normal
35.186.224.24,192.168.0.163,443,60381,tcp,Normal
192.168.0.163,35.186.224.24,60381,443,tcp,Normal
192.168.0.163,142.250.201.68,58611,443,udp,Normal
142.250.201.68,192.168.0.163,443,58611,udp,Normal
20.111.1.3,192.168.0.163,443,60389,tcp,Normal
192.168.0.163,20.111.1.3,60389,443,tcp,Normal
35.186.224.24,192.168.0.163,443,60380,tcp,Normal
192.168.0.163,35.186.224.24,60380,443,tcp,Normal
20.111.1.3,192.168.0.163,443,60389,tcp,Normal
35.186.224.24,192.168.0.163,443,60384,tcp,Normal
192.168.0.163,35.186.224.24,60384,443,tcp,Normal
192.168.0.163,34.242.3.84,60387,443,tcp,Normal
192.168.0.163,34.242.3.84,60390,443,tcp,Normal
192.168.0.163,150.171.28.12,60392,443,tcp,Normal
34.242.3.84,192.168.0.163,443,60390,tcp,Normal
192.168.0.163,34.242.3.84,60390,443,tcp,Normal
192.168.0.163,103.235.46.115,60391,80,tcp,Normal
192.168.0.163,192.168.0.1,60393,53,tcp,Normal
192.168.0.163,192.168.0.1,60394,53,tcp,Normal
192.168.0.1,192.168.0.163,53,60393,tcp,Normal
192.168.0.1,192.168.0.163,53,60394,tcp,Normal
192.168.0.163,52.168.112.66,60375,443,tcp,Normal
192.168.0.163,45.57.68.135,60395,443,tcp,Normal
45.57.68.135,192.168.0.163,443,60395,tcp,Normal
192.168.0.163,45.57.68.135,60396,443,tcp,Normal
45.57.68.135,192.168.0.163,443,60396,tcp,Normal
150.171.28.12,192.168.0.163,443,60392,tcp,Normal
192.168.0.163,150.171.28.12,60392,443,tcp,Normal
192.168.0.163,45.57.68.135,60396,443,tcp,Normal
45.57.68.135,192.168.0.163,443,60396,tcp,Normal
45.57.68.135,192.168.0.163,443,60395,tcp,Normal
192.168.0.163,45.57.68.135,60395,443,tcp,Normal
192.168.0.163,104.18.32.47,60397,443,tcp,Normal
192.168.0.163,172.64.155.209,60398,443,tcp,Normal
172.64.155.209,192.168.0.163,443,60398,tcp,Normal
192.168.0.163,150.171.28.12,60392,443,tcp,Normal
192.168.0.163,104.18.32.47,60399,443,tcp,Normal
104.18.32.47,192.168.0.163,443,60399,tcp,Normal
192.168.0.163,104.18.32.47,60400,443,tcp,Normal
104.18.32.47,192.168.0.163,443,60400,tcp,Normal
150.171.28.12,192.168.0.163,443,60392,tcp,Normal
192.168.0.163,104.18.32.47,60397,443,tcp,Normal
45.57.68.135,192.168.0.163,443,60396,tcp,Normal
192.168.0.163,45.57.68.135,60396,443,tcp,Normal
192.168.0.163,45.57.68.135,60395,443,tcp,Normal
192.168.0.163,52.168.112.66,60402,443,tcp,Normal
52.168.112.66,192.168.0.163,443,60402,tcp,Normal
192.168.0.163,45.57.68.135,60401,443,tcp,Normal
45.57.68.135,192.168.0.163,443,60401,tcp,Normal
192.168.0.163,103.235.46.115,60404,80,tcp,Normal
45.57.68.135,192.168.0.163,443,60395,tcp,Normal
52.168.112.66,192.168.0.163,443,60402,tcp,Normal
192.168.0.163,52.168.112.66,60402,443,tcp,Normal
192.168.0.163,52.168.112.66,60403,443,tcp,Normal
52.168.112.66,192.168.0.163,443,60403,tcp,Normal
45.57.68.135,192.168.0.163,443,60395,tcp,Normal
192.168.0.163,45.57.68.135,60395,443,tcp,Normal
52.168.112.66,192.168.0.163,443,60402,tcp,Normal
192.168.0.163,52.168.112.66,60402,443,tcp,Normal
192.168.0.163,45.57.68.135,60401,443,tcp,Normal
45.57.68.135,192.168.0.163,443,60401,tcp,Normal
192.168.0.163,45.57.68.135,60405,443,tcp,Normal
45.57.68.135,192.168.0.163,443,60405,tcp,Normal
45.57.68.135,192.168.0.163,443,60401,tcp,Normal
192.168.0.163,45.57.68.135,60401,443,tcp,Normal
192.168.0.163,142.250.201.67,51329,443,udp,Normal
192.168.0.163,52.168.112.66,60402,443,tcp,Normal
142.250.201.67,192.168.0.163,443,51329,udp,Normal
52.168.112.66,192.168.0.163,443,60402,tcp,Normal (low-conf)
192.168.0.163,45.57.69.188,60442,443,tcp,Normal
45.57.69.188,192.168.0.163,443,60442,tcp,Normal
192.168.0.163,103.235.46.102,60450,80,tcp,Normal
45.57.69.188,192.168.0.163,443,60443,tcp,Normal
192.168.0.163,52.123.128.14,60452,443,tcp,Normal
52.123.128.14,192.168.0.163,443,60452,tcp,Normal
45.57.69.188,192.168.0.163,443,60451,tcp,Normal
192.168.0.163,45.57.69.188,60451,443,tcp,Normal
192.168.0.163,52.168.112.66,60402,443,tcp,Normal
192.168.0.163,45.57.69.188,60451,443,tcp,Normal
192.168.0.163,52.168.112.66,60402,443,tcp,Normal
192.168.0.163,52.168.112.66,60402,443,tcp,Normal
45.57.69.188,192.168.0.163,443,60443,tcp,Normal
192.168.0.163,45.57.69.188,60451,443,tcp,Normal
45.57.69.188,192.168.0.163,443,60451,tcp,Normal
192.168.0.163,52.168.112.66,60402,443,tcp,Normal
52.168.112.66,192.168.0.163,443,60402,tcp,Normal
192.168.0.163,103.235.46.102,60453,80,tcp,Normal
45.57.69.188,192.168.0.163,443,60443,tcp,Normal
192.168.0.163,192.168.0.1,60454,53,tcp,Normal
192.168.0.163,192.168.0.1,60455,53,tcp,Normal
192.168.0.1,192.168.0.163,53,60454,tcp,Normal
192.168.0.1,192.168.0.163,53,60455,tcp,Normal
192.168.0.163,142.250.200.67,60229,443,udp,Normal
45.57.69.188,192.168.0.163,443,60443,tcp,Normal
142.250.200.67,192.168.0.163,443,60229,udp,Normal
192.168.0.163,45.57.69.188,60443,443,tcp,Normal
192.168.0.163,45.57.69.188,60451,443,tcp,Normal
192.168.0.163,103.235.46.102,60456,80,tcp,Normal
192.168.0.163,20.42.73.25,60457,443,tcp,Normal
192.168.0.163,20.42.73.25,60458,443,tcp,Normal
20.42.73.25,192.168.0.163,443,60457,tcp,Normal
20.42.73.25,192.168.0.163,443,60458,tcp,Normal
192.168.0.163,20.42.73.25,60458,443,tcp,Normal
192.168.0.163,20.42.73.25,60457,443,tcp,Normal
3.233.158.26,192.168.0.163,443,60434,tcp,Normal
192.168.0.163,20.42.73.25,60459,443,tcp,Normal
20.42.73.25,192.168.0.163,443,60459,tcp,Normal
192.168.0.163,140.82.112.21,60460,443,tcp,Normal
140.82.112.21,192.168.0.163,443,60460,tcp,Normal
192.168.0.163,20.42.73.25,60462,443,tcp,Normal
20.42.73.25,192.168.0.163,443,60462,tcp,Normal
192.168.0.163,20.42.73.25,60458,443,tcp,Normal
20.42.73.25,192.168.0.163,443,60458,tcp,Normal
140.82.112.21,192.168.0.163,443,60460,tcp,Normal
192.168.0.163,140.82.112.21,60460,443,tcp,Normal
192.168.0.163,45.57.69.188,60451,443,tcp,Normal
20.42.73.25,192.168.0.163,443,60462,tcp,Normal
192.168.0.163,20.42.73.25,60462,443,tcp,Normal
192.168.0.163,4.225.11.192,60465,443,tcp,Normal
4.225.11.192,192.168.0.163,443,60465,tcp,Normal
20.42.73.25,192.168.0.163,443,60464,tcp,Normal
20.42.73.25,192.168.0.163,443,60458,tcp,Normal
192.168.0.163,20.42.73.25,60458,443,tcp,Normal
192.168.0.163,20.42.73.25,60464,443,tcp,Normal
192.168.0.163,45.57.69.188,60451,443,tcp,Normal
192.168.0.163,20.42.73.25,60458,443,tcp,Normal
192.168.0.163,13.107.246.77,60463,443,tcp,Normal
13.107.246.77,192.168.0.163,443,60463,tcp,Normal
192.168.0.163,45.57.69.188,60467,443,tcp,Normal
45.57.69.188,192.168.0.163,443,60467,tcp,Normal
192.168.0.163,40.79.173.41,60466,443,tcp,Normal
40.79.173.41,192.168.0.163,443,60466,tcp,Normal
192.168.0.163,142.250.201.68,64401,443,udp,Normal
142.250.201.68,192.168.0.163,443,64401,udp,Normal
192.168.0.163,20.42.73.25,60458,443,tcp,Normal
192.168.0.163,192.168.0.1,60469,53,tcp,Normal
192.168.0.163,192.168.0.1,60470,53,tcp,Normal
192.168.0.1,192.168.0.163,53,60469,tcp,Normal
192.168.0.1,192.168.0.163,53,60470,tcp,Normal
192.168.0.163,40.79.173.41,60468,443,tcp,Normal
192.168.0.163,45.57.69.188,60467,443,tcp,Normal
45.57.69.188,192.168.0.163,443,60471,tcp,Normal
40.79.173.41,192.168.0.163,443,60468,tcp,Normal
192.168.0.163,20.42.73.25,60458,443,tcp,Normal
192.168.0.163,45.57.69.188,60471,443,tcp,Normal
192.168.0.163,54.220.250.181,60473,443,tcp,Normal
54.220.250.181,192.168.0.163,443,60473,tcp,Normal
192.168.0.163,103.235.46.102,60472,80,tcp,Normal
192.168.0.163,40.79.173.41,60466,443,tcp,Normal
4.225.11.192,192.168.0.163,443,60465,tcp,Normal
192.168.0.163,140.82.112.21,60475,443,tcp,Normal
140.82.112.21,192.168.0.163,443,60475,tcp,Normal
192.168.0.163,40.79.173.41,60474,443,tcp,Normal
40.79.173.41,192.168.0.163,443,60474,tcp,Normal
192.168.0.163,4.225.11.192,60465,443,tcp,Normal
140.82.112.21,192.168.0.163,443,60475,tcp,Normal
192.168.0.163,40.79.173.41,60468,443,tcp,Normal
192.168.0.163,140.82.112.21,60475,443,tcp,Normal
192.168.0.163,40.79.173.41,60474,443,tcp,Normal
40.79.173.41,192.168.0.163,443,60468,tcp,Normal
13.107.246.77,192.168.0.163,443,60463,tcp,Normal
40.79.173.41,192.168.0.163,443,60474,tcp,Normal
192.168.0.163,13.107.246.77,60463,443,tcp,Normal
192.168.0.163,45.57.69.188,60451,443,tcp,Normal
45.57.69.188,192.168.0.163,443,60451,tcp,Normal
140.82.112.21,192.168.0.163,443,60475,tcp,Normal
192.168.0.163,140.82.112.21,60475,443,tcp,Normal
192.168.0.163,20.42.73.25,60458,443,tcp,Normal
20.42.73.25,192.168.0.163,443,60458,tcp,Normal
192.168.0.163,13.107.246.77,60463,443,tcp,Normal
45.57.69.188,192.168.0.163,443,60471,tcp,Normal
192.168.0.163,45.57.69.188,60471,443,tcp,Normal
192.168.0.163,20.42.73.25,60458,443,tcp,Normal
20.42.73.25,192.168.0.163,443,60458,tcp,Normal
192.168.0.163,103.235.46.102,60476,80,tcp,Normal
192.168.0.163,20.42.73.25,60458,443,tcp,Normal
20.42.73.25,192.168.0.163,443,60458,tcp,Normal
192.168.0.163,140.82.112.21,60475,443,tcp,Normal
140.82.112.21,192.168.0.163,443,60475,tcp,Normal
20.42.73.25,192.168.0.163,443,60458,tcp,Normal
192.168.0.163,20.42.73.25,60458,443,tcp,Normal
192.168.0.163,103.235.46.102,60477,80,tcp,Normal
192.168.0.163,20.42.73.25,60458,443,tcp,Normal
20.42.73.25,192.168.0.163,443,60458,tcp,Normal
192.168.0.163,20.42.73.25,60458,443,tcp,Normal
192.168.0.163,40.79.173.41,60481,443,tcp,Normal
40.79.173.41,192.168.0.163,443,60481,tcp,Normal
192.168.0.163,20.42.73.25,60458,443,tcp,Normal
20.42.73.25,192.168.0.163,443,60458,tcp,Normal
192.168.0.163,192.168.0.1,60491,53,tcp,Normal
192.168.0.163,192.168.0.1,60492,53,tcp,Normal
192.168.0.1,192.168.0.163,53,60491,tcp,Normal
192.168.0.1,192.168.0.163,53,60492,tcp,Normal
192.168.0.163,142.250.201.67,63948,443,udp,Normal
142.250.201.67,192.168.0.163,443,63948,udp,Normal
192.168.0.163,103.235.46.102,60494,80,tcp,Normal
192.168.0.163,98.66.133.185,57891,443,tcp,Normal
98.66.133.185,192.168.0.163,443,57891,tcp,Normal
192.168.0.163,20.42.73.25,60458,443,tcp,Normal
192.168.0.163,31.13.83.49,60496,5222,tcp,Normal
31.13.83.49,192.168.0.163,5222,60496,tcp,Normal
192.168.0.163,31.13.83.51,60500,443,tcp,Normal
192.168.0.163,105.73.177.164,60502,443,tcp,Normal
192.168.0.163,157.240.202.60,60503,443,tcp,Normal
192.168.0.163,105.73.177.228,60504,443,tcp,Normal
192.168.0.163,105.73.177.100,60505,443,tcp,Normal
192.168.0.163,105.73.189.35,60506,443,tcp,Normal
192.168.0.163,31.13.83.51,60507,443,tcp,Normal
31.13.83.51,192.168.0.163,443,60500,tcp,Normal
105.73.189.35,192.168.0.163,443,60506,tcp,Normal
105.73.177.164,192.168.0.163,443,60502,tcp,Normal
105.73.177.228,192.168.0.163,443,60504,tcp,Normal
105.73.177.100,192.168.0.163,443,60505,tcp,Normal
31.13.83.51,192.168.0.163,443,60507,tcp,Normal
192.168.0.163,105.73.188.35,60501,443,tcp,Normal
105.73.188.35,192.168.0.163,443,60501,tcp,Normal
157.240.202.60,192.168.0.163,443,60503,tcp,Normal
192.168.0.163,20.42.73.25,60458,443,tcp,Normal
192.168.0.163,52.123.128.14,60452,443,tcp,Normal
20.42.73.25,192.168.0.163,443,60458,tcp,Normal
52.123.128.14,192.168.0.163,443,60452,tcp,Normal
192.168.0.163,52.123.128.14,60510,443,tcp,Normal
52.123.128.14,192.168.0.163,443,60510,tcp,Normal
192.168.0.163,20.42.73.25,60458,443,tcp,Normal
20.42.73.25,192.168.0.163,443,60458,tcp,Normal
192.168.0.163,20.42.73.25,60458,443,tcp,Normal
192.168.0.163,103.235.46.102,60525,80,tcp,Normal
192.168.0.163,20.42.73.25,60458,443,tcp,Normal
31.13.83.49,192.168.0.163,5222,60496,tcp,Normal
192.168.0.163,31.13.83.49,60496,5222,tcp,Normal
192.168.0.163,20.42.73.25,60458,443,tcp,Normal
20.42.73.25,192.168.0.163,443,60458,tcp,Normal
192.168.0.163,31.13.83.49,60496,5222,tcp,Normal
192.168.0.163,20.42.73.25,60458,443,tcp,Normal
31.13.83.49,192.168.0.163,5222,60496,tcp,Normal
20.42.73.25,192.168.0.163,443,60458,tcp,Normal
192.168.0.163,103.235.46.102,60547,80,tcp,Normal
192.168.0.163,13.107.246.77,60550,443,tcp,Normal
13.107.246.77,192.168.0.163,443,60550,tcp,Normal
192.168.0.163,142.250.201.67,63948,443,udp,Normal
20.42.73.25,192.168.0.163,443,60458,tcp,Normal
142.250.201.67,192.168.0.163,443,63948,udp,Normal
192.168.0.163,20.42.73.25,60458,443,tcp,Normal
192.168.0.163,54.220.250.181,60473,443,tcp,Normal
54.220.250.181,192.168.0.163,443,60473,tcp,Normal
192.168.0.163,20.42.73.25,60458,443,tcp,Normal
20.42.73.25,192.168.0.163,443,60458,tcp,Normal
45.57.69.188,192.168.0.163,443,60467,tcp,Normal
192.168.0.163,45.57.69.188,60467,443,tcp,Normal
192.168.0.163,20.42.73.25,60458,443,tcp,Normal
20.42.73.25,192.168.0.163,443,60458,tcp,Normal
192.168.0.163,103.235.46.102,60569,80,tcp,Normal
192.168.0.163,20.42.73.25,60458,443,tcp,Normal
20.42.73.25,192.168.0.163,443,60458,tcp,Normal
192.168.0.163,20.42.73.25,60458,443,tcp,Normal
20.42.73.25,192.168.0.163,443,60458,tcp,Normal
192.168.0.163,20.42.73.25,60458,443,tcp,Normal
20.42.73.25,192.168.0.163,443,60458,tcp,Normal
192.168.0.163,20.42.73.25,60458,443,tcp,Normal
20.42.73.25,192.168.0.163,443,60458,tcp,Normal
192.168.0.163,103.235.46.102,60590,80,tcp,Normal
192.168.0.163,20.42.73.25,60458,443,tcp,Normal
20.42.73.25,192.168.0.163,443,60458,tcp,Normal
192.168.0.163,20.42.73.25,60458,443,tcp,Normal
192.168.0.163,140.82.121.6,60597,443,tcp,Normal
140.82.121.6,192.168.0.163,443,60597,tcp,Normal
20.42.73.25,192.168.0.163,443,60458,tcp,Normal
192.168.0.163,13.69.239.77,60598,443,tcp,Normal
13.69.239.77,192.168.0.163,443,60598,tcp,Normal
20.42.73.25,192.168.0.163,443,60458,tcp,Normal
192.168.0.163,20.42.73.25,60458,443,tcp,Normal
192.168.0.163,103.235.46.102,60599,80,tcp,Normal
192.168.0.163,142.250.201.67,54652,443,udp,Normal
142.250.201.67,192.168.0.163,443,54652,udp,Normal
192.168.0.163,20.42.73.25,60458,443,tcp,Normal
20.42.73.25,192.168.0.163,443,60458,tcp,Normal
192.168.0.163,20.42.73.25,60458,443,tcp,Normal
20.42.73.25,192.168.0.163,443,60458,tcp,Normal
192.168.0.163,20.42.73.25,60458,443,tcp,Normal
20.42.73.25,192.168.0.163,443,60458,tcp,Normal
192.168.0.163,103.235.46.102,60600,80,tcp,Normal
192.168.0.163,20.42.73.25,60458,443,tcp,Normal
20.42.73.25,192.168.0.163,443,60458,tcp,Normal
192.168.0.163,20.42.73.25,60458,443,tcp,Normal
20.42.73.25,192.168.0.163,443,60458,tcp,Normal
20.42.73.25,192.168.0.163,443,60458,tcp,Normal
192.168.0.163,192.168.0.1,60602,53,tcp,Normal
192.168.0.1,192.168.0.163,53,60602,tcp,Normal
192.168.0.163,192.168.0.1,60603,53,tcp,Normal
192.168.0.1,192.168.0.163,53,60603,tcp,Normal
192.168.0.163,192.168.0.1,60601,53,tcp,Normal
192.168.0.1,192.168.0.163,53,60601,tcp,Normal
192.168.0.163,104.18.32.47,60400,443,tcp,Normal
104.18.32.47,192.168.0.163,443,60400,tcp,Normal
192.168.0.163,20.42.73.25,60458,443,tcp,Normal
20.42.73.25,192.168.0.163,443,60458,tcp,Normal
192.168.0.163,20.54.232.160,60604,443,tcp,Normal
20.54.232.160,192.168.0.163,443,60604,tcp,Normal
192.168.0.163,103.235.46.102,60605,80,tcp,Normal
192.168.0.163,20.111.1.3,60606,443,tcp,Normal
20.111.1.3,192.168.0.163,443,60606,tcp,Normal
192.168.0.163,20.42.73.25,60458,443,tcp,Normal
20.42.73.25,192.168.0.163,443,60458,tcp,Normal
192.168.0.163,20.189.173.16,60607,443,tcp,Normal
20.189.173.16,192.168.0.163,443,60607,tcp,Normal
192.168.0.163,20.42.73.25,60458,443,tcp,Normal
192.168.0.163,4.225.11.192,60465,443,tcp,Normal
4.225.11.192,192.168.0.163,443,60465,tcp,Normal
20.189.173.16,192.168.0.163,443,60607,tcp,Normal
192.168.0.163,20.189.173.16,60607,443,tcp,Normal
192.168.0.163,20.189.173.16,60608,443,tcp,Normal
20.189.173.16,192.168.0.163,443,60608,tcp,Normal
192.168.0.163,13.107.246.77,60609,443,tcp,Normal
13.107.246.77,192.168.0.163,443,60609,tcp,Normal
192.168.0.163,20.42.73.25,60458,443,tcp,Normal
20.42.73.25,192.168.0.163,443,60458,tcp,Normal
192.168.0.163,20.189.173.16,60607,443,tcp,Normal
192.168.0.163,20.189.173.16,60608,443,tcp,Normal
20.189.173.16,192.168.0.163,443,60608,tcp,Normal
192.168.0.163,20.42.73.25,60458,443,tcp,Normal
20.42.73.25,192.168.0.163,443,60458,tcp,Normal
192.168.0.163,103.235.46.115,60610,80,tcp,Normal
192.168.0.163,20.189.173.16,60611,443,tcp,Normal
192.168.0.163,192.168.0.1,60612,53,tcp,Normal
192.168.0.163,192.168.0.1,60613,53,tcp,Normal
192.168.0.1,192.168.0.163,53,60612,tcp,Normal
192.168.0.1,192.168.0.163,53,60613,tcp,Normal
192.168.0.163,142.250.201.68,53178,443,udp,Normal
142.250.201.68,192.168.0.163,443,53178,udp,Normal
20.189.173.16,192.168.0.163,443,60611,tcp,Normal
192.168.0.163,20.42.73.25,60458,443,tcp,Normal
140.82.112.21,192.168.0.163,443,60475,tcp,Normal
192.168.0.163,140.82.112.21,60475,443,tcp,Normal
20.42.73.25,192.168.0.163,443,60458,tcp,Normal
192.168.0.163,103.235.46.115,60614,80,tcp,Normal
192.168.0.163,140.82.112.22,60615,443,tcp,Normal
192.168.0.163,20.42.73.25,60458,443,tcp,Normal
140.82.112.22,192.168.0.163,443,60615,tcp,Normal
192.168.0.163,140.82.112.22,60615,443,tcp,Normal
140.82.112.22,192.168.0.163,443,60615,tcp,Normal
192.168.0.163,140.82.112.22,60615,443,tcp,Normal
192.168.0.163,104.18.32.47,60400,443,tcp,Normal
104.18.32.47,192.168.0.163,443,60400,tcp,Normal
192.168.0.163,140.82.112.22,60615,443,tcp,Normal
192.168.0.163,103.235.46.115,60616,80,tcp,Normal
192.168.0.163,104.18.32.47,60400,443,tcp,Normal
104.18.32.47,192.168.0.163,443,60400,tcp,Normal
192.168.0.163,20.189.173.16,60617,443,tcp,Normal
192.168.0.163,20.189.173.16,60618,443,tcp,Normal
20.189.173.16,192.168.0.163,443,60618,tcp,Normal
192.168.0.163,192.168.0.1,60619,53,tcp,Normal
192.168.0.163,192.168.0.1,60620,53,tcp,Normal
192.168.0.1,192.168.0.163,53,60619,tcp,Normal
192.168.0.1,192.168.0.163,53,60620,tcp,Normal
192.168.0.163,142.250.184.14,51191,443,udp,Normal
142.250.184.14,192.168.0.163,443,51191,udp,Normal
192.168.0.163,104.18.32.47,60400,443,tcp,Normal
104.18.32.47,192.168.0.163,443,60400,tcp,Normal
192.168.0.163,172.64.148.235,60352,443,tcp,Normal
192.168.0.163,20.189.173.16,60618,443,tcp,Normal
13.107.246.77,192.168.0.163,443,60550,tcp,Normal
20.189.173.16,192.168.0.163,443,60618,tcp,Normal
192.168.0.163,104.18.32.47,60400,443,tcp,Normal
104.18.32.47,192.168.0.163,443,60400,tcp,Normal
192.168.0.163,103.235.46.115,60621,80,tcp,Normal
192.168.0.163,20.189.173.16,60618,443,tcp,Normal
192.168.0.163,192.168.0.1,60622,53,tcp,Normal
192.168.0.1,192.168.0.163,53,60622,tcp,Normal
192.168.0.163,192.168.0.1,60623,53,tcp,Normal
192.168.0.1,192.168.0.163,53,60623,tcp,Normal
192.168.0.163,20.189.173.16,60618,443,tcp,Normal
192.168.0.163,142.250.201.67,63966,443,udp,Normal
192.168.0.163,142.250.201.67,49851,443,udp,Normal
20.189.173.16,192.168.0.163,443,60618,tcp,Normal
142.250.201.67,192.168.0.163,443,63966,udp,Normal
192.168.0.163,192.168.0.1,60624,53,tcp,Normal
192.168.0.163,192.168.0.1,60625,53,tcp,Normal
192.168.0.163,172.64.155.209,60398,443,tcp,Normal
192.168.0.1,192.168.0.163,53,60624,tcp,Normal
192.168.0.1,192.168.0.163,53,60625,tcp,Normal
172.64.155.209,192.168.0.163,443,60398,tcp,Normal
192.168.0.163,192.168.0.1,60627,53,tcp,Normal
192.168.0.1,192.168.0.163,53,60627,tcp,Normal
192.168.0.163,20.189.173.16,60618,443,tcp,Normal
20.189.173.16,192.168.0.163,443,60618,tcp,Normal
192.168.0.163,20.189.173.16,60618,443,tcp,Normal
20.189.173.16,192.168.0.163,443,60618,tcp,Normal
192.168.0.163,20.189.173.16,60618,443,tcp,Normal
20.189.173.16,192.168.0.163,443,60618,tcp,Normal
192.168.0.163,103.235.46.115,60628,80,tcp,Normal
40.126.53.7,192.168.0.163,443,60629,tcp,Normal
192.168.0.163,20.189.173.16,60618,443,tcp,Normal
20.189.173.16,192.168.0.163,443,60618,tcp,Normal
192.168.0.163,40.126.53.7,60629,443,tcp,Normal
192.168.0.163,172.64.155.209,60398,443,tcp,Normal
172.64.155.209,192.168.0.163,443,60398,tcp,Normal
40.126.53.7,192.168.0.163,443,60630,tcp,Normal
192.168.0.163,40.126.53.7,60630,443,tcp,Normal
192.168.0.163,20.189.173.16,60618,443,tcp,Normal
20.189.173.16,192.168.0.163,443,60618,tcp,Normal
192.168.0.163,20.199.58.43,60631,443,tcp,Normal
20.199.58.43,192.168.0.163,443,60631,tcp,Normal
192.168.0.163,20.199.58.43,60632,443,tcp,Normal
20.199.58.43,192.168.0.163,443,60632,tcp,Normal
192.168.0.163,20.189.173.16,60618,443,tcp,Normal
192.168.0.163,104.18.32.47,60400,443,tcp,Normal
104.18.32.47,192.168.0.163,443,60400,tcp,Normal
20.189.173.16,192.168.0.163,443,60618,tcp,Normal
192.168.0.163,20.189.173.16,60618,443,tcp,Normal
20.189.173.16,192.168.0.163,443,60618,tcp,Normal
192.168.0.163,192.168.0.1,60634,53,tcp,Normal
192.168.0.163,192.168.0.1,60635,53,tcp,Normal
192.168.0.163,104.18.32.47,60400,443,tcp,Normal
192.168.0.1,192.168.0.163,53,60634,tcp,Normal
192.168.0.1,192.168.0.163,53,60635,tcp,Normal
104.18.32.47,192.168.0.163,443,60400,tcp,Normal
192.168.0.163,103.235.46.115,60633,80,tcp,Normal
192.168.0.163,172.64.155.209,60398,443,tcp,Normal
172.64.155.209,192.168.0.163,443,60398,tcp,Normal
35.190.80.1,192.168.0.163,443,51629,udp,Normal
192.168.0.163,35.190.80.1,51629,443,udp,Normal
192.168.0.163,35.190.80.1,61624,443,udp,Normal
192.168.0.163,20.189.173.16,60618,443,tcp,Normal
20.189.173.16,192.168.0.163,443,60618,tcp,Normal
20.189.173.16,192.168.0.163,443,60618,tcp,Normal
192.168.0.163,20.189.173.16,60618,443,tcp,Normal
192.168.0.163,20.189.173.16,60618,443,tcp,Normal
192.168.0.163,142.250.201.67,62221,443,udp,Normal
142.250.201.67,192.168.0.163,443,62221,udp,Normal
192.168.0.163,20.189.173.16,60618,443,tcp,Normal
192.168.0.163,103.235.46.102,60636,80,tcp,Normal
20.189.173.16,192.168.0.163,443,60618,tcp,Normal
192.168.0.163,142.250.201.68,50199,443,udp,Normal
142.250.201.68,192.168.0.163,443,50199,udp,Normal
192.168.0.163,104.18.32.47,60400,443,tcp,Normal
104.18.32.47,192.168.0.163,443,60400,tcp,Normal
192.168.0.163,20.189.173.16,60618,443,tcp,Normal
20.189.173.16,192.168.0.163,443,60618,tcp,Normal
192.168.0.163,20.189.173.16,60618,443,tcp,Normal
192.168.0.163,192.168.0.1,60637,53,tcp,Normal
192.168.0.163,192.168.0.1,60638,53,tcp,Normal
192.168.0.1,192.168.0.163,53,60637,tcp,Normal
192.168.0.1,192.168.0.163,53,60638,tcp,Normal
192.168.0.163,84.53.132.58,60639,443,tcp,Normal
84.53.132.58,192.168.0.163,443,60639,tcp,Normal
192.168.0.163,20.189.173.16,60618,443,tcp,Normal
20.189.173.16,192.168.0.163,443,60618,tcp,Normal
192.168.0.163,103.235.46.102,60640,80,tcp,Normal
192.168.0.163,20.189.173.16,60618,443,tcp,Normal
192.168.0.163,192.168.0.1,60641,53,tcp,Normal
192.168.0.163,192.168.0.1,60642,53,tcp,Normal
192.168.0.1,192.168.0.163,53,60641,tcp,Normal
192.168.0.1,192.168.0.163,53,60642,tcp,Normal
192.168.0.163,20.189.173.16,60618,443,tcp,Normal
192.168.0.163,3.233.158.25,60643,443,tcp,Normal
20.189.173.16,192.168.0.163,443,60618,tcp,Normal
3.233.158.25,192.168.0.163,443,60643,tcp,Normal
192.168.0.163,20.189.173.16,60618,443,tcp,Normal
20.189.173.16,192.168.0.163,443,60618,tcp,Normal
192.168.0.163,103.235.46.102,60644,80,tcp,Normal
192.168.0.163,20.189.173.16,60618,443,tcp,Normal
20.189.173.16,192.168.0.163,443,60618,tcp,Normal
192.168.0.163,140.82.121.6,60645,443,tcp,Normal
140.82.121.6,192.168.0.163,443,60645,tcp,Normal
192.168.0.163,20.189.173.16,60618,443,tcp,Normal
192.168.0.163,20.189.173.16,60618,443,tcp,Normal
20.189.173.16,192.168.0.163,443,60618,tcp,Normal
20.189.173.7,192.168.0.163,443,60646,tcp,Normal
192.168.0.163,20.189.173.7,60646,443,tcp,Normal
192.168.0.163,142.250.201.67,58612,443,udp,Normal
142.250.201.67,192.168.0.163,443,58612,udp,Normal
192.168.0.163,103.235.46.102,60647,80,tcp,Normal
20.189.173.16,192.168.0.163,443,60618,tcp,Normal
192.168.0.163,20.189.173.16,60618,443,tcp,Normal
192.168.0.163,104.18.32.47,60400,443,tcp,Normal
104.18.32.47,192.168.0.163,443,60400,tcp,Normal
192.168.0.163,20.189.173.16,60618,443,tcp,Normal
20.189.173.16,192.168.0.163,443,60618,tcp,Normal
192.168.0.163,20.189.173.16,60618,443,tcp,Normal
20.189.173.16,192.168.0.163,443,60618,tcp,Normal
192.168.0.163,20.111.1.3,60606,443,tcp,Normal
192.168.0.163,20.54.232.160,60648,443,tcp,Normal
20.54.232.160,192.168.0.163,443,60648,tcp,Normal
192.168.0.163,103.235.46.102,60649,80,tcp,Normal
192.168.0.163,20.189.173.16,60618,443,tcp,Normal
20.189.173.16,192.168.0.163,443,60618,tcp,Normal
192.168.0.163,20.54.232.160,60648,443,tcp,Normal
20.54.232.160,192.168.0.163,443,60648,tcp,Normal
20.189.173.16,192.168.0.163,443,60618,tcp,Normal
192.168.0.163,20.189.173.16,60618,443,tcp,Normal
192.168.0.163,20.189.173.7,60650,443,tcp,Normal
20.189.173.7,192.168.0.163,443,60650,tcp,Normal
192.168.0.163,20.189.173.16,60618,443,tcp,Normal
192.168.0.163,192.168.0.1,60651,53,tcp,Normal
192.168.0.163,192.168.0.1,60652,53,tcp,Normal
192.168.0.1,192.168.0.163,53,60651,tcp,Normal
192.168.0.1,192.168.0.163,53,60652,tcp,Normal
192.168.0.163,142.250.200.78,62749,443,udp,Normal
142.250.200.78,192.168.0.163,443,62749,udp,Normal
192.168.0.163,20.189.173.16,60618,443,tcp,Normal
192.168.0.163,103.235.46.102,60653,80,tcp,Normal
4.225.11.192,192.168.0.163,443,60465,tcp,Normal
192.168.0.163,20.189.173.16,60618,443,tcp,Normal
192.168.0.163,4.225.11.192,60465,443,tcp,Normal
20.189.173.16,192.168.0.163,443,60618,tcp,Normal
192.168.0.163,20.189.173.16,60618,443,tcp,Normal
192.168.0.163,192.168.0.1,60654,53,tcp,Normal
192.168.0.163,192.168.0.1,60655,53,tcp,Normal
192.168.0.1,192.168.0.163,53,60654,tcp,Normal
192.168.0.1,192.168.0.163,53,60655,tcp,Normal
192.168.0.163,104.18.32.47,60400,443,tcp,Normal
104.18.32.47,192.168.0.163,443,60400,tcp,Normal
192.168.0.163,20.54.232.160,60648,443,tcp,Normal
192.168.0.163,192.168.0.1,60656,53,tcp,Normal
192.168.0.1,192.168.0.163,53,60656,tcp,Normal
192.168.0.163,192.168.0.1,60657,53,tcp,Normal
192.168.0.1,192.168.0.163,53,60657,tcp,Normal
192.168.0.163,142.250.201.68,50189,443,udp,Normal
142.250.201.68,192.168.0.163,443,50189,udp,Normal
20.189.173.16,192.168.0.163,443,60618,tcp,Normal
192.168.0.163,142.250.201.68,52695,443,udp,Normal
142.250.201.68,192.168.0.163,443,52695,udp,Normal
192.168.0.163,103.235.46.115,60658,80,tcp,Normal
20.189.173.16,192.168.0.163,443,60618,tcp,Normal
140.82.112.21,192.168.0.163,443,60475,tcp,Normal
192.168.0.163,140.82.112.21,60475,443,tcp,Normal
192.168.0.163,20.189.173.16,60618,443,tcp,Normal
20.189.173.16,192.168.0.163,443,60618,tcp,Normal
192.168.0.163,103.235.46.115,60659,80,tcp,Normal
192.168.0.163,20.189.173.16,60618,443,tcp,Normal
20.189.173.16,192.168.0.163,443,60618,tcp,Normal
192.168.0.163,20.189.173.16,60618,443,tcp,Normal
192.168.0.163,103.235.46.115,60660,80,tcp,Normal
192.168.0.163,20.189.173.16,60618,443,tcp,Normal
192.168.0.163,104.18.32.47,60400,443,tcp,Normal
104.18.32.47,192.168.0.163,443,60400,tcp,Normal
192.168.0.163,103.235.46.115,60661,80,tcp,Normal
192.168.0.163,104.208.16.91,60663,443,tcp,Normal
104.208.16.91,192.168.0.163,443,60663,tcp,Normal
192.168.0.163,104.208.16.91,60662,443,tcp,Normal
104.208.16.91,192.168.0.163,443,60662,tcp,Normal
192.168.0.163,103.235.46.115,60664,80,tcp,Normal
192.168.0.163,104.208.16.91,60662,443,tcp,Normal
104.208.16.91,192.168.0.163,443,60662,tcp,Normal
192.168.0.163,104.208.16.91,60662,443,tcp,Normal
104.208.16.91,192.168.0.163,443,60662,tcp,Normal
192.168.0.163,103.235.46.115,60665,80,tcp,Normal
192.168.0.163,104.208.16.91,60662,443,tcp,Normal
192.168.0.163,20.189.173.16,60618,443,tcp,Normal
20.189.173.16,192.168.0.163,443,60618,tcp,Normal
192.168.0.163,104.208.16.91,60666,443,tcp,Normal
192.168.0.163,104.208.16.91,60662,443,tcp,Normal
104.208.16.91,192.168.0.163,443,60662,tcp,Normal
192.168.0.163,105.73.188.35,60501,443,tcp,Normal
192.168.0.163,105.73.177.164,60502,443,tcp,Normal
192.168.0.163,105.73.177.100,60505,443,tcp,Normal
192.168.0.163,105.73.189.35,60506,443,tcp,Normal
192.168.0.163,105.73.177.228,60504,443,tcp,Normal
192.168.0.163,157.240.202.60,60503,443,tcp,Normal
192.168.0.163,31.13.83.51,60500,443,tcp,Normal
192.168.0.163,31.13.83.51,60507,443,tcp,Normal
192.168.0.163,192.168.0.1,60669,53,tcp,Normal
192.168.0.1,192.168.0.163,53,60669,tcp,Normal
192.168.0.163,192.168.0.1,60670,53,tcp,Normal
192.168.0.1,192.168.0.163,53,60670,tcp,Normal
192.168.0.163,192.168.0.1,60671,53,tcp,Normal
192.168.0.163,192.168.0.1,60672,53,tcp,Normal
192.168.0.1,192.168.0.163,53,60671,tcp,Normal
192.168.0.1,192.168.0.163,53,60672,tcp,Normal
192.168.0.163,216.58.215.164,64112,443,udp,Normal
216.58.215.164,192.168.0.163,443,64112,udp,Normal
192.168.0.163,104.208.16.91,60673,443,tcp,Normal
104.208.16.91,192.168.0.163,443,60673,tcp,Normal
216.58.215.164,192.168.0.163,443,49798,udp,Normal
192.168.0.163,216.58.215.164,49798,443,udp,Normal
192.168.0.163,103.235.46.102,60674,80,tcp,Normal
192.168.0.163,150.171.28.12,60668,443,tcp,Normal
150.171.28.12,192.168.0.163,443,60668,tcp,Normal
192.168.0.163,20.250.119.64,60675,443,tcp,Normal
20.250.119.64,192.168.0.163,443,60675,tcp,Normal
192.168.0.163,20.250.119.64,60675,443,tcp,Normal
104.208.16.91,192.168.0.163,443,60673,tcp,Normal
192.168.0.163,104.208.16.91,60662,443,tcp,Normal
192.168.0.163,104.208.16.91,60673,443,tcp,Normal
192.168.0.163,20.250.119.64,60675,443,tcp,Normal
192.168.0.163,13.69.239.73,60676,443,tcp,Normal
13.69.239.73,192.168.0.163,443,60676,tcp,Normal
20.250.119.64,192.168.0.163,443,60675,tcp,Normal
192.168.0.163,103.235.46.102,60677,80,tcp,Normal
192.168.0.163,140.82.114.22,60679,443,tcp,Normal
140.82.114.22,192.168.0.163,443,60679,tcp,Normal
192.168.0.163,20.250.119.64,60675,443,tcp,Normal
20.250.119.64,192.168.0.163,443,60675,tcp,Normal
104.208.16.91,192.168.0.163,443,60666,tcp,Normal
192.168.0.163,104.208.16.91,60666,443,tcp,Normal
192.168.0.163,140.82.114.22,60678,443,tcp,Normal
140.82.114.22,192.168.0.163,443,60678,tcp,Normal
104.208.16.91,192.168.0.163,443,60666,tcp,Normal
192.168.0.163,104.208.16.91,60666,443,tcp,Normal
192.168.0.163,140.82.113.21,60680,443,tcp,Normal
192.168.0.163,20.250.119.64,60675,443,tcp,Normal
140.82.113.21,192.168.0.163,443,60680,tcp,Normal
20.250.119.64,192.168.0.163,443,60675,tcp,Normal
140.82.114.22,192.168.0.163,443,60679,tcp,Normal
192.168.0.163,140.82.114.22,60679,443,tcp,Normal
192.168.0.163,104.208.16.91,60666,443,tcp,Normal
192.168.0.163,104.208.16.91,60681,443,tcp,Normal
104.208.16.91,192.168.0.163,443,60681,tcp,Normal
192.168.0.163,140.82.114.22,60682,443,tcp,Normal
140.82.114.22,192.168.0.163,443,60682,tcp,Normal
192.168.0.163,140.82.114.22,60679,443,tcp,Normal
140.82.114.22,192.168.0.163,443,60679,tcp,Normal
135.233.45.223,192.168.0.163,443,60689,tcp,Normal
192.168.0.163,135.233.45.223,60689,443,tcp,Normal
192.168.0.163,103.235.46.102,60691,80,tcp,Normal
192.168.0.163,104.208.16.91,60662,443,tcp,Normal
192.168.0.163,103.235.46.102,60674,80,tcp,Normal
104.208.16.91,192.168.0.163,443,60662,tcp,Normal
192.168.0.163,172.64.155.209,60398,443,tcp,Normal
172.64.155.209,192.168.0.163,443,60398,tcp,Normal
192.168.0.163,140.82.114.22,60679,443,tcp,Normal
140.82.114.22,192.168.0.163,443,60679,tcp,Normal
192.168.0.163,104.208.16.91,60662,443,tcp,Normal
104.208.16.91,192.168.0.163,443,60662,tcp,Normal
192.168.0.163,104.18.32.47,60400,443,tcp,Normal
104.18.32.47,192.168.0.163,443,60400,tcp,Normal
103.235.46.102,192.168.0.163,80,60692,tcp,Normal
192.168.0.163,103.235.46.102,60691,80,tcp,Normal
192.168.0.163,192.168.0.1,55976,53,udp,Normal
192.168.0.1,192.168.0.163,53,55976,udp,Normal
192.168.0.163,103.235.46.102,60692,80,tcp,Normal
192.168.0.163,104.208.16.91,60662,443,tcp,Normal
192.168.0.163,103.235.46.102,60685,80,tcp,Normal
104.208.16.91,192.168.0.163,443,60662,tcp,Normal
192.168.0.163,103.235.46.102,60692,80,tcp,Normal
192.168.0.163,104.208.16.91,60662,443,tcp,Normal
192.168.0.163,192.168.0.1,52323,53,udp,Normal
192.168.0.163,192.168.0.1,53419,53,udp,Normal
104.208.16.91,192.168.0.163,443,60662,tcp,Normal
192.168.0.1,192.168.0.163,53,52323,udp,Normal
192.168.0.1,192.168.0.163,53,53419,udp,Normal
192.168.0.163,52.182.143.214,60693,443,tcp,Normal
52.182.143.214,192.168.0.163,443,60693,tcp,Normal
192.168.0.163,142.250.201.67,61220,443,udp,Normal
142.250.201.67,192.168.0.163,443,61220,udp,Normal
192.168.0.163,13.107.246.77,60694,443,tcp,Normal
13.107.246.77,192.168.0.163,443,60694,tcp,Normal
104.208.16.91,192.168.0.163,443,60662,tcp,Normal
192.168.0.163,104.208.16.91,60662,443,tcp,Normal
192.168.0.163,192.168.0.1,60695,53,tcp,Normal
192.168.0.163,192.168.0.1,60696,53,tcp,Normal
192.168.0.1,192.168.0.163,53,60695,tcp,Normal
192.168.0.1,192.168.0.163,53,60696,tcp,Normal
192.168.0.163,192.168.0.1,60697,53,tcp,Normal
192.168.0.163,192.168.0.1,60698,53,tcp,Normal
192.168.0.1,192.168.0.163,53,60697,tcp,Normal
192.168.0.1,192.168.0.163,53,60698,tcp,Normal
192.168.0.163,216.58.215.164,61599,443,udp,Normal
216.58.215.164,192.168.0.163,443,61599,udp,Normal
192.168.0.163,103.235.46.102,60692,80,tcp,Normal
192.168.0.163,216.58.215.164,62872,443,udp,Normal
216.58.215.164,192.168.0.163,443,62872,udp,Normal
104.208.16.91,192.168.0.163,443,60662,tcp,Normal
192.168.0.163,104.208.16.91,60662,443,tcp,Normal
192.168.0.163,192.168.0.1,51103,53,udp,Normal
192.168.0.1,192.168.0.163,53,51103,udp,Normal
192.168.0.163,192.168.0.1,54422,53,udp,Normal
192.168.0.1,192.168.0.163,53,54422,udp,Normal
192.168.0.163,140.82.113.21,60699,443,tcp,Normal
172.64.148.235,192.168.0.163,443,60352,tcp,Normal
192.168.0.163,172.64.148.235,60352,443,tcp,Normal
192.168.0.163,150.171.28.12,60668,443,tcp,Normal
140.82.113.21,192.168.0.163,443,60699,tcp,Normal
192.168.0.163,104.208.16.91,60662,443,tcp,Normal
104.208.16.91,192.168.0.163,443,60662,tcp,Normal
192.168.0.163,192.168.0.1,54945,53,udp,Normal
192.168.0.1,192.168.0.163,53,54945,udp,Normal
192.168.0.163,52.182.143.214,60700,443,tcp,Normal
52.182.143.214,192.168.0.163,443,60700,tcp,Normal
103.235.46.115,192.168.0.163,80,60701,tcp,Normal
192.168.0.163,103.235.46.102,60691,80,tcp,Normal
192.168.0.163,103.235.46.115,60701,80,tcp,Normal
192.168.0.163,103.235.46.115,60701,80,tcp,Normal
192.168.0.163,104.208.16.91,60662,443,tcp,Normal
104.208.16.91,192.168.0.163,443,60662,tcp,Normal
192.168.0.163,103.235.46.102,60692,80,tcp,Normal
192.168.0.163,104.208.16.91,60662,443,tcp,Normal
192.168.0.163,103.235.46.102,60683,80,tcp,Normal
192.168.0.163,84.53.132.58,60639,443,tcp,Normal
84.53.132.58,192.168.0.163,443,60639,tcp,Normal
192.168.0.163,103.235.46.115,60701,80,tcp,Normal
192.168.0.163,20.111.1.3,60606,443,tcp,Normal
20.111.1.3,192.168.0.163,443,60606,tcp,Normal
192.168.0.163,104.208.16.91,60662,443,tcp,Normal
104.208.16.91,192.168.0.163,443,60662,tcp,Normal
192.168.0.163,103.235.46.115,60665,80,tcp,Normal
192.168.0.163,104.208.16.91,60662,443,tcp,Normal
104.208.16.91,192.168.0.163,443,60662,tcp,Normal
103.235.46.115,192.168.0.163,80,60702,tcp,Normal
192.168.0.163,103.235.46.115,60702,80,tcp,Normal
192.168.0.163,103.235.46.115,60701,80,tcp,Normal
192.168.0.163,103.235.46.102,60685,80,tcp,Normal
192.168.0.163,103.235.46.115,60702,80,tcp,Normal
192.168.0.163,104.208.16.91,60662,443,tcp,Normal
104.208.16.91,192.168.0.163,443,60662,tcp,Normal
192.168.0.163,142.251.168.188,59292,5228,tcp,Normal
142.251.168.188,192.168.0.163,5228,59292,tcp,Normal
192.168.0.163,192.168.0.1,56593,53,udp,Normal
192.168.0.1,192.168.0.163,53,56593,udp,Normal
192.168.0.163,104.208.16.91,60662,443,tcp,Normal
192.168.0.163,13.78.111.199,60703,443,tcp,Normal
104.208.16.91,192.168.0.163,443,60662,tcp,Normal
13.78.111.199,192.168.0.163,443,60703,tcp,Normal
192.168.0.163,142.251.168.188,59294,5228,tcp,Normal
192.168.0.163,142.251.168.188,59293,5228,tcp,Normal
142.251.168.188,192.168.0.163,5228,59294,tcp,Normal
142.251.168.188,192.168.0.163,5228,59293,tcp,Normal
192.168.0.163,103.235.46.115,60702,80,tcp,Normal
192.168.0.163,104.208.16.91,60662,443,tcp,Normal
104.208.16.91,192.168.0.163,443,60662,tcp,Normal
192.168.0.163,172.64.148.235,60352,443,tcp,Normal
172.64.148.235,192.168.0.163,443,60352,tcp,Normal
192.168.0.163,104.208.16.91,60662,443,tcp,Normal
104.208.16.91,192.168.0.163,443,60662,tcp,Normal
192.168.0.163,13.78.111.199,60708,443,tcp,Normal
13.78.111.199,192.168.0.163,443,60708,tcp,Normal
103.235.46.115,192.168.0.163,80,60713,tcp,Normal
192.168.0.163,103.235.46.102,60692,80,tcp,Normal
192.168.0.163,103.235.46.115,60713,80,tcp,Normal
192.168.0.163,104.208.16.91,60662,443,tcp,Normal
104.208.16.91,192.168.0.163,443,60662,tcp,Normal
192.168.0.163,103.235.46.102,60691,80,tcp,Normal
192.168.0.163,103.235.46.115,60713,80,tcp,Normal
104.208.16.91,192.168.0.163,443,60662,tcp,Normal
192.168.0.163,104.208.16.91,60662,443,tcp,Normal
142.250.201.67,192.168.0.163,443,57569,udp,Normal
192.168.0.163,142.250.201.67,57569,443,udp,Normal
192.168.0.163,103.235.46.115,60702,80,tcp,Normal
192.168.0.163,192.168.0.1,60826,53,udp,Normal
192.168.0.1,192.168.0.163,53,60826,udp,Normal
192.168.0.163,140.82.121.5,60722,443,tcp,Normal
140.82.121.5,192.168.0.163,443,60722,tcp,Normal
192.168.0.163,103.235.46.115,60701,80,tcp,Normal
192.168.0.163,192.168.0.1,52373,53,udp,Normal
192.168.0.1,192.168.0.163,53,52373,udp,Normal
192.168.0.163,192.168.0.1,50792,53,udp,Normal
192.168.0.163,192.168.0.1,62505,53,udp,Normal
192.168.0.1,192.168.0.163,53,50792,udp,Normal
192.168.0.1,192.168.0.163,53,62505,udp,Normal
192.168.0.163,104.208.16.91,60662,443,tcp,Normal
104.208.16.91,192.168.0.163,443,60662,tcp,Normal
192.168.0.163,13.78.111.199,60727,443,tcp,Normal
192.168.0.163,103.235.46.115,60713,80,tcp,Normal
13.78.111.199,192.168.0.163,443,60727,tcp,Normal
192.168.0.163,104.208.16.91,60662,443,tcp,Normal
104.208.16.91,192.168.0.163,443,60662,tcp,Normal
192.168.0.163,140.82.121.5,60722,443,tcp,Normal
140.82.121.5,192.168.0.163,443,60722,tcp,Normal
192.168.0.163,103.235.46.115,60736,80,tcp,Normal
103.235.46.115,192.168.0.163,80,60736,tcp,Normal
192.168.0.163,104.208.16.91,60662,443,tcp,Normal
104.208.16.91,192.168.0.163,443,60662,tcp,Normal
192.168.0.163,172.64.155.209,60398,443,tcp,Normal
172.64.155.209,192.168.0.163,443,60398,tcp,Normal
192.168.0.163,103.235.46.115,60736,80,tcp,Normal
192.168.0.163,104.18.32.47,60400,443,tcp,Normal
104.18.32.47,192.168.0.163,443,60400,tcp,Normal
192.168.0.163,104.208.16.91,60662,443,tcp,Normal
104.208.16.91,192.168.0.163,443,60662,tcp,Normal
192.168.0.163,103.235.46.115,60736,80,tcp,Normal
192.168.0.163,103.235.46.115,60713,80,tcp,Normal
52.123.128.14,192.168.0.163,443,60688,tcp,Normal
192.168.0.163,192.168.0.1,54440,53,udp,Normal
192.168.0.163,192.168.0.1,61535,53,udp,Normal
192.168.0.163,20.111.1.3,60606,443,tcp,Normal
192.168.0.1,192.168.0.163,53,54440,udp,Normal
192.168.0.1,192.168.0.163,53,61535,udp,Normal
192.168.0.163,98.66.133.185,57891,443,tcp,Normal
192.168.0.163,104.208.16.91,60662,443,tcp,Normal
104.208.16.91,192.168.0.163,443,60662,tcp,Normal
98.66.133.185,192.168.0.163,443,57891,tcp,Normal
192.168.0.163,104.208.16.91,60662,443,tcp,Normal
104.208.16.91,192.168.0.163,443,60662,tcp,Normal
172.64.148.235,192.168.0.163,443,60352,tcp,Normal
192.168.0.163,172.64.148.235,60352,443,tcp,Normal
192.168.0.163,13.107.246.77,60694,443,tcp,Normal
13.107.246.77,192.168.0.163,443,60694,tcp,Normal
192.168.0.163,103.235.46.115,60702,80,tcp,Normal
192.168.0.163,103.235.46.115,60736,80,tcp,Normal
192.168.0.163,104.208.16.91,60662,443,tcp,Normal
104.208.16.91,192.168.0.163,443,60662,tcp,Normal
192.168.0.163,192.168.0.1,60759,53,tcp,Normal
192.168.0.163,192.168.0.1,60760,53,tcp,Normal
192.168.0.1,192.168.0.163,53,60759,tcp,Normal
192.168.0.1,192.168.0.163,53,60760,tcp,Normal
103.235.46.115,192.168.0.163,80,60758,tcp,Normal
192.168.0.163,104.18.32.47,60400,443,tcp,Normal
104.18.32.47,192.168.0.163,443,60400,tcp,Normal
192.168.0.163,103.235.46.115,60758,80,tcp,Normal
192.168.0.163,104.18.32.47,60400,443,tcp,Normal
104.18.32.47,192.168.0.163,443,60400,tcp,Normal
192.168.0.163,103.235.46.115,60758,80,tcp,Normal
192.168.0.163,104.208.16.91,60662,443,tcp,Normal
104.208.16.91,192.168.0.163,443,60662,tcp,Normal
192.168.0.163,192.168.0.1,57827,53,udp,Normal
192.168.0.1,192.168.0.163,53,57827,udp,Normal
192.168.0.163,104.18.32.47,60400,443,tcp,Normal
192.168.0.163,20.111.1.3,60606,443,tcp,Normal
20.111.1.3,192.168.0.163,443,60606,tcp,Normal
192.168.0.163,104.208.16.91,60662,443,tcp,Normal
104.208.16.91,192.168.0.163,443,60662,tcp,Normal
192.168.0.163,103.235.46.115,60736,80,tcp,Normal
192.168.0.163,84.53.132.58,60639,443,tcp,Normal
84.53.132.58,192.168.0.163,443,60639,tcp,Normal
192.168.0.163,104.208.16.91,60662,443,tcp,Normal
104.208.16.91,192.168.0.163,443,60662,tcp,Normal
192.168.0.163,103.235.46.115,60758,80,tcp,Normal
192.168.0.163,103.235.46.115,60701,80,tcp,Normal
103.235.46.115,192.168.0.163,80,60786,tcp,Normal
192.168.0.163,103.235.46.115,60713,80,tcp,Normal
192.168.0.163,103.235.46.115,60786,80,tcp,Normal
192.168.0.163,103.235.46.102,60692,80,tcp,Normal
192.168.0.163,104.18.32.47,60400,443,tcp,Normal
104.18.32.47,192.168.0.163,443,60400,tcp,Normal
192.168.0.163,104.208.16.91,60662,443,tcp,Normal
104.208.16.91,192.168.0.163,443,60662,tcp,Normal
192.168.0.163,103.235.46.115,60786,80,tcp,Normal
192.168.0.163,104.208.16.91,60662,443,tcp,Normal
192.168.0.163,216.58.215.164,58837,443,udp,Normal
104.208.16.91,192.168.0.163,443,60662,tcp,Normal
216.58.215.164,192.168.0.163,443,58837,udp,Normal
192.168.0.163,192.168.0.1,55716,53,udp,Normal
192.168.0.1,192.168.0.163,53,55716,udp,Normal
192.168.0.163,52.168.112.66,60799,443,tcp,Normal
52.168.112.66,192.168.0.163,443,60799,tcp,Normal
192.168.0.163,104.208.16.91,60662,443,tcp,Normal
104.208.16.91,192.168.0.163,443,60662,tcp,Normal
192.168.0.163,103.235.46.115,60786,80,tcp,Normal
172.64.148.235,192.168.0.163,443,60352,tcp,Normal
192.168.0.163,172.64.148.235,60352,443,tcp,Normal
192.168.0.163,142.251.168.188,59292,5228,tcp,Normal
142.251.168.188,192.168.0.163,5228,59292,tcp,Normal
192.168.0.163,103.235.46.115,60758,80,tcp,Normal
192.168.0.163,104.208.16.91,60662,443,tcp,Normal
192.168.0.163,142.251.168.188,59294,5228,tcp,Normal
142.251.168.188,192.168.0.163,5228,59294,tcp,Normal
192.168.0.163,142.251.168.188,59293,5228,tcp,Normal
104.208.16.91,192.168.0.163,443,60662,tcp,Normal
192.168.0.163,192.168.0.1,57569,53,udp,Normal
142.251.168.188,192.168.0.163,5228,59293,tcp,Normal
192.168.0.1,192.168.0.163,53,57569,udp,Normal
103.235.46.102,192.168.0.163,80,60808,tcp,Normal
192.168.0.163,103.235.46.102,60808,80,tcp,Normal
192.168.0.163,104.208.16.91,60662,443,tcp,Normal
104.208.16.91,192.168.0.163,443,60662,tcp,Normal
192.168.0.163,103.235.46.102,60808,80,tcp,Normal
192.168.0.163,104.208.16.91,60662,443,tcp,Normal
104.208.16.91,192.168.0.163,443,60662,tcp,Normal
192.168.0.163,103.235.46.102,60808,80,tcp,Normal
192.168.0.163,104.208.16.91,60662,443,tcp,Normal
104.208.16.91,192.168.0.163,443,60662,tcp,Normal
192.168.0.163,103.235.46.115,60702,80,tcp,Normal
192.168.0.163,103.235.46.115,60736,80,tcp,Normal
192.168.0.163,104.208.16.91,60662,443,tcp,Normal
104.208.16.91,192.168.0.163,443,60662,tcp,Normal
103.235.46.102,192.168.0.163,80,60820,tcp,Normal
192.168.0.163,103.235.46.102,60820,80,tcp,Normal
192.168.0.163,103.235.46.102,60820,80,tcp,Normal
192.168.0.163,140.82.113.21,60680,443,tcp,Normal
20.250.119.64,192.168.0.163,443,60675,tcp,Normal
192.168.0.163,20.250.119.64,60675,443,tcp,Normal
140.82.113.21,192.168.0.163,443,60680,tcp,Normal
192.168.0.163,140.82.114.22,60678,443,tcp,Normal
140.82.114.22,192.168.0.163,443,60678,tcp,Normal
192.168.0.163,104.208.16.91,60662,443,tcp,Normal
104.208.16.91,192.168.0.163,443,60662,tcp,Normal
192.168.0.163,103.235.46.102,60808,80,tcp,Normal
192.168.0.163,103.235.46.102,60820,80,tcp,Normal
192.168.0.163,104.208.16.91,60662,443,tcp,Normal
104.208.16.91,192.168.0.163,443,60662,tcp,Normal
192.168.0.163,172.64.148.235,60352,443,tcp,Normal
172.64.148.235,192.168.0.163,443,60352,tcp,Normal
192.168.0.163,104.208.16.91,60662,443,tcp,Normal
104.208.16.91,192.168.0.163,443,60662,tcp,Normal
192.168.0.163,103.235.46.115,60758,80,tcp,Normal
192.168.0.163,103.235.46.102,60820,80,tcp,Normal
103.235.46.102,192.168.0.163,80,60821,tcp,Normal
192.168.0.163,104.208.16.91,60662,443,tcp,Normal
104.208.16.91,192.168.0.163,443,60662,tcp,Normal
192.168.0.163,103.235.46.102,60821,80,tcp,Normal
192.168.0.163,13.107.246.77,60694,443,tcp,Normal
13.107.246.77,192.168.0.163,443,60694,tcp,Normal
192.168.0.163,103.235.46.115,60786,80,tcp,Normal
192.168.0.163,103.235.46.115,60713,80,tcp,Normal
192.168.0.163,103.235.46.102,60821,80,tcp,Normal
192.168.0.163,104.208.16.91,60662,443,tcp,Normal
104.208.16.91,192.168.0.163,443,60662,tcp,Normal
192.168.0.163,103.235.46.102,60821,80,tcp,Normal
192.168.0.163,192.168.0.1,60822,53,tcp,Normal
192.168.0.163,192.168.0.1,60823,53,tcp,Normal
192.168.0.1,192.168.0.163,53,60822,tcp,Normal
192.168.0.1,192.168.0.163,53,60823,tcp,Normal
192.168.0.163,142.250.201.67,53701,443,udp,Normal
192.168.0.163,192.168.0.1,57569,53,udp,Normal
192.168.0.163,192.168.0.1,59776,53,udp,Normal
142.250.201.67,192.168.0.163,443,53701,udp,Normal
192.168.0.1,192.168.0.163,53,57569,udp,Normal
192.168.0.1,192.168.0.163,53,59776,udp,Normal
104.208.16.91,192.168.0.163,443,60662,tcp,Normal
192.168.0.163,104.208.16.91,60662,443,tcp,Normal
192.168.0.163,192.168.0.1,62540,53,udp,Normal
192.168.0.1,192.168.0.163,53,62540,udp,Normal
192.168.0.163,140.82.114.22,60679,443,tcp,Normal
140.82.114.22,192.168.0.163,443,60679,tcp,Normal
192.168.0.163,140.82.114.21,60824,443,tcp,Normal
140.82.114.21,192.168.0.163,443,60824,tcp,Normal
192.168.0.163,103.235.46.102,60808,80,tcp,Normal
104.208.16.91,192.168.0.163,443,60662,tcp,Normal
192.168.0.163,104.208.16.91,60662,443,tcp,Normal
192.168.0.163,172.64.155.209,60398,443,tcp,Normal
172.64.155.209,192.168.0.163,443,60398,tcp,Normal
192.168.0.163,104.208.16.91,60662,443,tcp,Normal
104.208.16.91,192.168.0.163,443,60662,tcp,Normal
103.235.46.102,192.168.0.163,80,60825,tcp,Normal
192.168.0.163,20.111.1.3,60606,443,tcp,Normal
20.111.1.3,192.168.0.163,443,60606,tcp,Normal
192.168.0.163,103.235.46.102,60820,80,tcp,Normal
192.168.0.163,103.235.46.102,60821,80,tcp,Normal
192.168.0.163,103.235.46.102,60825,80,tcp,Normal
192.168.0.163,104.208.16.91,60662,443,tcp,Normal
104.208.16.91,192.168.0.163,443,60662,tcp,Normal
192.168.0.163,84.53.132.58,60639,443,tcp,Normal
84.53.132.58,192.168.0.163,443,60639,tcp,Normal
192.168.0.163,103.235.46.102,60825,80,tcp,Normal
104.208.16.91,192.168.0.163,443,60662,tcp,Normal
192.168.0.163,104.208.16.91,60662,443,tcp,Normal
192.168.0.163,104.18.32.47,60400,443,tcp,Normal
104.18.32.47,192.168.0.163,443,60400,tcp,Normal
192.168.0.163,172.64.148.235,60352,443,tcp,Normal
172.64.148.235,192.168.0.163,443,60352,tcp,Normal
192.168.0.163,103.235.46.102,60825,80,tcp,Normal
192.168.0.163,104.208.16.91,60662,443,tcp,Normal
104.208.16.91,192.168.0.163,443,60662,tcp,Normal
192.168.0.163,104.208.16.91,60662,443,tcp,Normal
103.235.46.102,192.168.0.163,80,60826,tcp,Normal
192.168.0.163,103.235.46.102,60826,80,tcp,Normal
192.168.0.163,142.251.168.188,59292,5228,tcp,Normal
192.168.0.163,103.235.46.102,60821,80,tcp,Normal
104.208.16.91,192.168.0.163,443,60662,tcp,Normal
192.168.0.163,104.208.16.91,60662,443,tcp,Normal
192.168.0.163,103.235.46.102,60826,80,tcp,Normal
192.168.0.163,142.251.168.188,59294,5228,tcp,Normal
142.251.168.188,192.168.0.163,5228,59294,tcp,Normal
192.168.0.163,142.251.168.188,59293,5228,tcp,Normal
142.251.168.188,192.168.0.163,5228,59293,tcp,Normal
192.168.0.163,103.235.46.102,60825,80,tcp,Normal
104.208.16.91,192.168.0.163,443,60662,tcp,Normal
192.168.0.163,103.235.46.102,60826,80,tcp,Normal
104.208.16.91,192.168.0.163,443,60662,tcp,Normal
192.168.0.163,103.235.46.115,60736,80,tcp,Normal
104.208.16.91,192.168.0.163,443,60662,tcp,Normal
103.235.46.102,192.168.0.163,80,60827,tcp,Normal
192.168.0.163,142.250.201.67,53701,443,udp,Normal
142.250.201.67,192.168.0.163,443,53701,udp,Normal
192.168.0.163,103.235.46.102,60827,80,tcp,Normal
192.168.0.163,104.208.16.91,60662,443,tcp,Normal
104.208.16.91,192.168.0.163,443,60662,tcp,Normal
192.168.0.163,103.235.46.102,60820,80,tcp,Normal
192.168.0.163,103.235.46.102,60827,80,tcp,Normal
192.168.0.163,216.58.215.164,59219,443,udp,Normal
192.168.0.163,216.58.215.164,49437,443,udp,Normal
216.58.215.164,192.168.0.163,443,59219,udp,Normal
216.58.215.164,192.168.0.163,443,49437,udp,Normal
192.168.0.163,103.235.46.115,60786,80,tcp,Normal
192.168.0.163,104.208.16.91,60662,443,tcp,Normal
104.208.16.91,192.168.0.163,443,60662,tcp,Normal
192.168.0.163,103.235.46.102,60826,80,tcp,Normal
192.168.0.163,103.235.46.102,60808,80,tcp,Normal
192.168.0.163,103.235.46.102,60827,80,tcp,Normal
192.168.0.163,104.208.16.91,60662,443,tcp,Normal
192.168.0.163,172.64.148.235,60352,443,tcp,Normal
172.64.148.235,192.168.0.163,443,60352,tcp,Normal
104.208.16.91,192.168.0.163,443,60662,tcp,Normal
192.168.0.163,104.208.16.91,60662,443,tcp,Normal
104.208.16.91,192.168.0.163,443,60662,tcp,Normal
192.168.0.163,192.168.0.1,63657,53,udp,Normal
192.168.0.1,192.168.0.163,53,63657,udp,Normal
103.235.46.115,192.168.0.163,80,60828,tcp,Normal
192.168.0.163,103.235.46.102,60825,80,tcp,Normal
192.168.0.163,103.235.46.102,60827,80,tcp,Normal
192.168.0.163,104.208.16.91,60662,443,tcp,Normal
104.208.16.91,192.168.0.163,443,60662,tcp,Normal
192.168.0.163,103.235.46.115,60828,80,tcp,Normal
192.168.0.163,104.18.32.47,60400,443,tcp,Normal
104.18.32.47,192.168.0.163,443,60400,tcp,Normal
192.168.0.163,103.235.46.115,60828,80,tcp,Normal
192.168.0.163,172.64.155.209,60398,443,tcp,Normal
192.168.0.163,104.208.16.91,60662,443,tcp,Normal
172.64.155.209,192.168.0.163,443,60398,tcp,Normal
104.208.16.91,192.168.0.163,443,60662,tcp,Normal
192.168.0.163,103.235.46.102,60821,80,tcp,Normal
192.168.0.163,103.235.46.115,60828,80,tcp,Normal
192.168.0.163,104.18.32.47,60400,443,tcp,Normal
104.18.32.47,192.168.0.163,443,60400,tcp,Normal
192.168.0.163,104.208.16.91,60662,443,tcp,Normal
104.208.16.91,192.168.0.163,443,60662,tcp,Normal
192.168.0.163,103.235.46.102,60826,80,tcp,Normal
104.18.32.47,192.168.0.163,443,60400,tcp,Normal
192.168.0.163,104.18.32.47,60400,443,tcp,Normal
104.18.32.47,192.168.0.163,443,60400,tcp,Normal
192.168.0.163,104.18.32.47,60400,443,tcp,Normal
103.235.46.115,192.168.0.163,80,60829,tcp,Normal
192.168.0.163,104.208.16.91,60662,443,tcp,Normal
192.168.0.163,103.235.46.115,60829,80,tcp,Normal
192.168.0.163,103.235.46.102,60827,80,tcp,Normal
104.18.32.47,192.168.0.163,443,60400,tcp,Normal
192.168.0.163,104.18.32.47,60400,443,tcp,Normal
192.168.0.163,172.64.155.209,60398,443,tcp,Normal
172.64.155.209,192.168.0.163,443,60398,tcp,Normal
104.208.16.91,192.168.0.163,443,60662,tcp,Normal
192.168.0.163,104.208.16.91,60662,443,tcp,Normal
192.168.0.163,20.111.1.3,60606,443,tcp,Normal
20.111.1.3,192.168.0.163,443,60606,tcp,Normal
192.168.0.163,104.18.32.47,60400,443,tcp,Normal
192.168.0.163,103.235.46.115,60829,80,tcp,Normal
192.168.0.163,172.64.148.235,60352,443,tcp,Normal
172.64.148.235,192.168.0.163,443,60352,tcp,Normal
192.168.0.163,104.208.16.91,60662,443,tcp,Normal
104.208.16.91,192.168.0.163,443,60662,tcp,Normal
192.168.0.163,192.168.0.1,55699,53,udp,Normal
192.168.0.163,192.168.0.1,55030,53,udp,Normal
192.168.0.1,192.168.0.163,53,55030,udp,Normal
192.168.0.1,192.168.0.163,53,55699,udp,Normal
20.111.1.3,192.168.0.163,443,60606,tcp,Normal
192.168.0.163,20.111.1.3,60606,443,tcp,Normal
104.18.32.47,192.168.0.163,443,60400,tcp,Normal
192.168.0.163,104.18.32.47,60400,443,tcp,Normal
192.168.0.163,84.53.132.58,60639,443,tcp,Normal
84.53.132.58,192.168.0.163,443,60639,tcp,Normal
192.168.0.163,192.168.0.1,60830,53,tcp,Normal
192.168.0.163,192.168.0.1,60831,53,tcp,Normal
192.168.0.1,192.168.0.163,53,60830,tcp,Normal
192.168.0.1,192.168.0.163,53,60831,tcp,Normal
192.168.0.163,3.233.158.26,60832,443,tcp,Normal
3.233.158.26,192.168.0.163,443,60832,tcp,Normal
192.168.0.163,104.208.16.91,60662,443,tcp,Normal
104.208.16.91,192.168.0.163,443,60662,tcp,Normal
192.168.0.163,103.235.46.115,60829,80,tcp,Normal
103.235.46.115,192.168.0.163,80,60833,tcp,Normal
142.250.201.67,192.168.0.163,443,63364,udp,Normal
192.168.0.163,103.235.46.115,60828,80,tcp,Normal
192.168.0.163,104.18.32.47,60400,443,tcp,Normal
104.18.32.47,192.168.0.163,443,60400,tcp,Normal
192.168.0.163,103.235.46.115,60833,80,tcp,Normal
192.168.0.163,192.168.0.1,49577,53,udp,Normal
192.168.0.1,192.168.0.163,53,49577,udp,Normal
142.250.201.67,192.168.0.163,443,63364,udp,Normal
192.168.0.163,192.168.0.1,56078,53,udp,Normal
192.168.0.1,192.168.0.163,53,56078,udp,Normal
192.168.0.163,142.250.201.67,63364,443,udp,Normal
192.168.0.163,142.250.201.67,50097,443,udp,Normal
142.250.201.67,192.168.0.163,443,50097,udp,Normal
192.168.0.163,140.82.121.6,60834,443,tcp,Normal
140.82.121.6,192.168.0.163,443,60834,tcp,Normal
192.168.0.163,103.235.46.115,60833,80,tcp,Normal
192.168.0.163,51.104.15.252,60835,443,tcp,Normal
51.104.15.252,192.168.0.163,443,60835,tcp,Normal
192.168.0.163,172.64.155.209,60398,443,tcp,Normal
172.64.155.209,192.168.0.163,443,60398,tcp,Normal
192.168.0.163,51.104.15.252,60836,443,tcp,Normal
51.104.15.252,192.168.0.163,443,60836,tcp,Normal
192.168.0.163,51.104.15.252,60837,443,tcp,Normal
51.104.15.252,192.168.0.163,443,60837,tcp,Normal
192.168.0.163,142.251.168.188,59292,5228,tcp,Normal
142.251.168.188,192.168.0.163,5228,59292,tcp,Normal
192.168.0.163,103.235.46.115,60833,80,tcp,Normal
192.168.0.163,140.82.121.6,60834,443,tcp,Normal
140.82.121.6,192.168.0.163,443,60834,tcp,Normal
192.168.0.163,192.168.0.1,51140,53,udp,Normal
192.168.0.1,192.168.0.163,53,51140,udp,Normal
192.168.0.163,142.251.168.188,59294,5228,tcp,Normal
142.251.168.188,192.168.0.163,5228,59294,tcp,Normal
192.168.0.163,13.89.179.9,60838,443,tcp,Normal
192.168.0.163,142.251.168.188,59293,5228,tcp,Normal
142.251.168.188,192.168.0.163,5228,59293,tcp,Normal
13.89.179.9,192.168.0.163,443,60838,tcp,Normal
103.235.46.115,192.168.0.163,80,60839,tcp,Normal
192.168.0.163,103.235.46.115,60829,80,tcp,Normal
192.168.0.163,103.235.46.115,60839,80,tcp,Normal
192.168.0.163,103.235.46.102,60825,80,tcp,Normal
192.168.0.163,103.235.46.115,60833,80,tcp,Normal
192.168.0.163,192.168.0.1,60840,53,tcp,Normal
192.168.0.163,192.168.0.1,60841,53,tcp,Normal
192.168.0.1,192.168.0.163,53,60840,tcp,Normal
192.168.0.1,192.168.0.163,53,60841,tcp,Normal
192.168.0.163,104.18.32.47,60400,443,tcp,Normal
104.18.32.47,192.168.0.163,443,60400,tcp,Normal
192.168.0.163,103.235.46.102,60827,80,tcp,Normal
192.168.0.163,103.235.46.115,60839,80,tcp,Normal
192.168.0.163,172.64.148.235,60352,443,tcp,Normal
172.64.148.235,192.168.0.163,443,60352,tcp,Normal
192.168.0.163,103.235.46.115,60839,80,tcp,Normal
192.168.0.163,103.235.46.102,60826,80,tcp,Normal
192.168.0.163,192.168.0.1,57647,53,udp,Normal
192.168.0.163,192.168.0.1,59972,53,udp,Normal
192.168.0.1,192.168.0.163,53,57647,udp,Normal
192.168.0.1,192.168.0.163,53,59972,udp,Normal
192.168.0.163,192.168.0.1,65355,53,udp,Normal
192.168.0.1,192.168.0.163,53,65355,udp,Normal
192.168.0.163,104.208.16.91,60662,443,tcp,Normal
104.208.16.91,192.168.0.163,443,60662,tcp,Normal
192.168.0.163,192.168.0.1,51463,53,udp,Normal
192.168.0.1,192.168.0.163,53,51463,udp,Normal
192.168.0.163,4.225.11.192,60843,443,tcp,Normal
4.225.11.192,192.168.0.163,443,60843,tcp,Normal
13.89.179.9,192.168.0.163,443,60842,tcp,Normal
103.235.46.115,192.168.0.163,80,60844,tcp,Normal
192.168.0.163,13.89.179.9,60842,443,tcp,Normal
192.168.0.163,103.235.46.115,60844,80,tcp,Normal
13.89.179.9,192.168.0.163,443,60842,tcp,Normal
104.208.16.91,192.168.0.163,443,60662,tcp,Normal
192.168.0.163,104.208.16.91,60662,443,tcp,Normal
192.168.0.163,103.235.46.115,60828,80,tcp,Normal
13.89.179.9,192.168.0.163,443,60845,tcp,Normal
192.168.0.163,103.235.46.115,60844,80,tcp,Normal
192.168.0.163,13.89.179.9,60845,443,tcp,Normal
13.89.179.9,192.168.0.163,443,60845,tcp,Normal
192.168.0.163,103.235.46.115,60833,80,tcp,Normal
192.168.0.163,4.225.11.192,60843,443,tcp,Normal
192.168.0.163,103.235.46.115,60839,80,tcp,Normal
4.225.11.192,192.168.0.163,443,60843,tcp,Normal
192.168.0.163,103.235.46.115,60844,80,tcp,Normal
192.168.0.163,13.89.179.9,60845,443,tcp,Normal
13.89.179.9,192.168.0.163,443,60845,tcp,Normal
192.168.0.163,192.168.0.1,50571,53,udp,Normal
192.168.0.1,192.168.0.163,53,50571,udp,Normal
192.168.0.163,13.89.179.9,60851,443,tcp,Normal
13.89.179.9,192.168.0.163,443,60851,tcp,Normal
192.168.0.163,104.208.16.91,60662,443,tcp,Normal
104.208.16.91,192.168.0.163,443,60662,tcp,Normal
192.168.0.163,103.235.46.115,60852,80,tcp,Normal
103.235.46.115,192.168.0.163,80,60852,tcp,Normal
192.168.0.163,103.235.46.115,60829,80,tcp,Normal
192.168.0.163,216.58.215.164,55523,443,udp,Normal
192.168.0.163,216.58.215.164,55187,443,udp,Normal
216.58.215.164,192.168.0.163,443,55523,udp,Normal
216.58.215.164,192.168.0.163,443,55187,udp,Normal
192.168.0.163,103.235.46.115,60852,80,tcp,Normal
192.168.0.163,103.235.46.115,60844,80,tcp,Normal
192.168.0.163,103.235.46.115,60852,80,tcp,Normal
140.82.114.22,192.168.0.163,443,60679,tcp,Normal
192.168.0.163,140.82.114.22,60679,443,tcp,Normal
172.64.148.235,192.168.0.163,443,60352,tcp,Normal
192.168.0.163,172.64.148.235,60352,443,tcp,Normal
192.168.0.163,172.64.155.209,60398,443,tcp,Normal
192.168.0.163,104.18.32.47,60400,443,tcp,Normal
172.64.155.209,192.168.0.163,443,60398,tcp,Normal
104.18.32.47,192.168.0.163,443,60400,tcp,Normal
192.168.0.163,104.18.32.47,60400,443,tcp,Normal
104.18.32.47,192.168.0.163,443,60400,tcp,Normal
192.168.0.163,103.235.46.115,60852,80,tcp,Normal
140.82.114.22,192.168.0.163,443,60679,tcp,Normal
192.168.0.163,192.168.0.1,51867,53,udp,Normal
192.168.0.163,20.111.1.3,60606,443,tcp,Normal
192.168.0.1,192.168.0.163,53,51867,udp,Normal
20.111.1.3,192.168.0.163,443,60606,tcp,Normal
192.168.0.163,140.82.114.22,60679,443,tcp,Normal
103.235.46.102,192.168.0.163,80,60853,tcp,Normal
192.168.0.163,84.53.132.58,60639,443,tcp,Normal
84.53.132.58,192.168.0.163,443,60639,tcp,Normal
192.168.0.163,103.235.46.115,60839,80,tcp,Normal
192.168.0.163,103.235.46.102,60853,80,tcp,Normal
192.168.0.163,3.233.158.26,60832,443,tcp,Normal
3.233.158.26,192.168.0.163,443,60832,tcp,Normal
192.168.0.163,104.18.32.47,60400,443,tcp,Normal
104.18.32.47,192.168.0.163,443,60400,tcp,Normal
192.168.0.163,103.235.46.102,60853,80,tcp,Normal
192.168.0.163,103.235.46.102,60853,80,tcp,Normal
192.168.0.163,104.18.32.47,60400,443,tcp,Normal
104.18.32.47,192.168.0.163,443,60400,tcp,Normal
192.168.0.163,103.235.46.115,60833,80,tcp,Normal
192.168.0.163,142.251.168.188,59292,5228,tcp,Normal
142.251.168.188,192.168.0.163,5228,59292,tcp,Normal
103.235.46.102,192.168.0.163,80,60854,tcp,Normal
192.168.0.163,142.251.168.188,59294,5228,tcp,Normal
192.168.0.163,103.235.46.102,60854,80,tcp,Normal
142.251.168.188,192.168.0.163,5228,59294,tcp,Normal
192.168.0.163,142.251.168.188,59293,5228,tcp,Normal
192.168.0.163,103.235.46.102,60853,80,tcp,Normal
192.168.0.163,172.64.155.209,60398,443,tcp,Normal
172.64.155.209,192.168.0.163,443,60398,tcp,Normal
192.168.0.163,216.58.215.164,55187,443,udp,Normal
216.58.215.164,192.168.0.163,443,55187,udp,Normal
192.168.0.163,216.58.215.164,64506,443,udp,Normal
216.58.215.164,192.168.0.163,443,64506,udp,Normal
192.168.0.163,192.168.0.1,60855,53,tcp,Normal
192.168.0.163,192.168.0.1,60856,53,tcp,Normal
192.168.0.1,192.168.0.163,53,60855,tcp,Normal
192.168.0.1,192.168.0.163,53,60856,tcp,Normal
192.168.0.163,172.217.168.174,62530,443,udp,Normal
172.217.168.174,192.168.0.163,443,62530,udp,Normal
192.168.0.163,192.168.0.1,60857,53,tcp,Normal
192.168.0.163,192.168.0.1,60858,53,tcp,Normal
192.168.0.1,192.168.0.163,53,60857,tcp,Normal
192.168.0.1,192.168.0.163,53,60858,tcp,Normal
142.250.184.170,192.168.0.163,443,64337,udp,Normal
192.168.0.163,84.53.132.58,60639,443,tcp,Normal
84.53.132.58,192.168.0.163,443,60639,tcp,Normal
192.168.0.163,142.250.184.170,64337,443,udp,Normal
192.168.0.163,142.250.184.170,59362,443,udp,Normal
142.250.184.170,192.168.0.163,443,59362,udp,Normal
3.233.158.26,192.168.0.163,443,60832,tcp,Normal
192.168.0.163,3.233.158.26,60832,443,tcp,Normal
192.168.0.163,103.235.46.102,60854,80,tcp,Normal
192.168.0.163,192.168.0.1,60860,53,tcp,Normal
192.168.0.1,192.168.0.163,53,60860,tcp,Normal
192.168.0.1,192.168.0.163,53,60861,tcp,Normal
192.168.0.163,192.168.0.1,60861,53,tcp,Normal
192.168.0.163,142.250.184.170,60859,443,tcp,Normal
142.250.184.170,192.168.0.163,443,60859,tcp,Normal
192.168.0.163,192.168.0.1,60863,53,tcp,Normal
192.168.0.163,192.168.0.1,60864,53,tcp,Normal
192.168.0.1,192.168.0.163,53,60863,tcp,Normal
192.168.0.1,192.168.0.163,53,60864,tcp,Normal
192.168.0.163,142.250.201.78,60862,443,tcp,Normal
142.250.201.78,192.168.0.163,443,60862,tcp,Normal
192.168.0.163,142.250.201.78,62857,443,udp,Normal
142.250.201.78,192.168.0.163,443,62857,udp,Normal
192.168.0.163,142.250.201.78,60461,443,udp,Normal
192.168.0.163,192.168.0.1,60866,53,tcp,Normal
192.168.0.1,192.168.0.163,53,60866,tcp,Normal
192.168.0.163,192.168.0.1,60865,53,tcp,Normal
192.168.0.163,192.168.0.1,60867,53,tcp,Normal
192.168.0.163,192.168.0.1,60868,53,tcp,Normal
142.250.201.78,192.168.0.163,443,60461,udp,Normal
192.168.0.1,192.168.0.163,53,60865,tcp,Normal
192.168.0.1,192.168.0.163,53,60867,tcp,Normal
192.168.0.1,192.168.0.163,53,60868,tcp,Normal
192.168.0.163,54.175.78.81,60871,443,tcp,Normal
192.168.0.163,150.171.27.11,60869,443,tcp,Normal
150.171.27.11,192.168.0.163,443,60869,tcp,Normal
192.168.0.163,142.250.200.110,57582,443,udp,Normal
142.250.200.110,192.168.0.163,443,57582,udp,Normal
192.168.0.163,54.175.78.81,60870,443,tcp,Normal
54.175.78.81,192.168.0.163,443,60870,tcp,Normal
192.168.0.163,192.168.0.1,60872,53,tcp,Normal
192.168.0.163,192.168.0.1,60873,53,tcp,Normal
192.168.0.163,192.168.0.1,60874,53,tcp,Normal
192.168.0.163,192.168.0.1,60875,53,tcp,Normal
192.168.0.1,192.168.0.163,53,60872,tcp,Normal
192.168.0.1,192.168.0.163,53,60873,tcp,Normal
192.168.0.1,192.168.0.163,53,60874,tcp,Normal
192.168.0.1,192.168.0.163,53,60875,tcp,Normal
192.168.0.163,172.217.17.10,53501,443,udp,Normal
142.250.201.78,192.168.0.163,443,56333,udp,Normal
54.175.78.81,192.168.0.163,443,60871,tcp,Normal
172.217.17.10,192.168.0.163,443,60876,tcp,Normal
192.168.0.163,172.217.17.10,60876,443,tcp,Normal
192.168.0.163,192.168.0.1,60877,53,tcp,Normal
192.168.0.163,192.168.0.1,60878,53,tcp,Normal
192.168.0.1,192.168.0.163,53,60877,tcp,Normal
192.168.0.1,192.168.0.163,53,60878,tcp,Normal
192.168.0.163,142.250.200.131,61782,443,udp,Normal
142.250.200.131,192.168.0.163,443,61782,udp,Normal
